ph_value,timestamp,status,do_value,temp_value,salinity_value,id,serialNumber
4.7,2025-05-11 17:15:59,True,9.37,29.5,1345.3,0e5f2af2-ca81-4eaa-bf35-bdbcdbfca41e,SN-47F2B3CE
6.3,2025-05-11 17:34:15,True,9.38,29.4,1284.4,0a67ad68-236d-4af4-9b20-f25a3bfc4b0b,SN-47F2B3CE
5.0,2025-05-11 17:24:09,True,9.37,29.4,1329.8,cb1dc9eb-2173-42ef-b9a2-ad6ae48e1433,SN-47F2B3CE
4.8,2025-05-11 17:14:41,True,9.37,29.5,1345.3,27d79c32-780d-4fca-bc39-89ae7425e0fa,SN-47F2B3CE
6.2,2025-05-11 17:38:57,True,9.38,29.4,1274.5,78328b7a-40c2-4468-9bb9-58aacecd6c64,SN-47F2B3CE
4.3,2025-05-11 17:22:01,True,9.37,29.4,1329.8,b7a84695-2675-4796-ba37-58a4cdd5f34d,SN-47F2B3CE
4.6,2025-05-11 17:24:27,True,9.37,29.4,1309.4,6ec37620-3ae8-4e01-a73f-c2cc50d56b16,SN-47F2B3CE
6.8,2025-05-11 17:39:17,True,9.39,29.5,1274.5,be571ca5-ecef-4c05-ba8c-5b7898436efe,SN-47F2B3CE
8.1,2025-05-11 17:41:02,True,9.38,29.4,1284.4,ee6311bb-b5df-41a4-a725-993eabe36ffd,SN-47F2B3CE
5.0,2025-05-11 17:23:10,True,9.38,29.4,1299.4,2366a39d-f78c-4bb7-8e2c-48b0d2b60ad5,SN-47F2B3CE
6.6,2025-05-11 17:38:39,True,9.39,29.5,1274.5,ef21ebc0-4663-498a-b250-ce8f1c0d3b56,SN-47F2B3CE
5.7,2025-05-11 17:29:37,True,9.38,29.5,1314.5,9657be59-eb7e-4600-ac58-aded318c8628,SN-47F2B3CE
4.0,2025-05-11 17:13:38,True,9.37,29.6,1355.7,f3e103cc-ddeb-4ec1-b5ee-a264af95a8ca,SN-47F2B3CE
5.8,2025-05-11 17:36:19,True,9.38,29.4,1279.4,35c77feb-e8db-4cc6-ac31-ff1f325ca890,SN-47F2B3CE
4.2,2025-05-11 17:13:54,True,9.37,29.6,1350.5,0278534c-cacd-4b93-9c24-8a885f8f2712,SN-47F2B3CE
4.8,2025-05-11 17:21:13,True,9.37,29.4,1324.7,3bffb02b-7877-45b9-8c04-6139f2a6ecd0,SN-47F2B3CE
5.4,2025-05-11 17:24:07,True,9.37,29.4,1329.8,13bb6204-0665-4c9b-b01a-e3caed6843d4,SN-47F2B3CE
5.3,2025-05-11 17:28:09,True,9.37,29.5,1345.3,a8b8ed18-155d-474f-ac7a-f849946fb253,SN-47F2B3CE
5.7,2025-05-11 17:30:01,True,9.38,29.5,1314.5,b4dc98e6-68cd-4eb2-96aa-5a51a1f0f382,SN-47F2B3CE
6.2,2025-05-11 17:30:22,True,9.38,29.5,1314.5,2fdeac3d-3d27-4f46-a1ed-0a2c7f761e0e,SN-47F2B3CE
7.9,2025-05-11 17:39:52,True,9.38,29.4,1279.4,757874c1-99b2-4a21-b8f5-b36474d6dcde,SN-47F2B3CE
4.3,2025-05-11 17:18:13,True,9.37,29.5,1345.3,0cfbd947-14ad-4164-b106-3705c417c86b,SN-47F2B3CE
5.7,2025-05-11 17:29:49,True,9.37,29.4,1314.5,7b56095a-e9c1-43bb-bfa7-ca28cdf1c93b,SN-47F2B3CE
4.9,2025-05-11 17:25:33,True,9.37,29.5,1350.5,0f2bce92-4b79-4bcf-a79f-bb437ae910f2,SN-47F2B3CE
4.1,2025-05-11 17:19:01,True,9.37,29.5,1345.3,f0724381-872c-4176-82fd-ea6b74a19207,SN-47F2B3CE
4.3,2025-05-11 17:14:31,True,9.37,29.5,1345.3,210f92a1-6dfb-409c-822c-d55a44806dad,SN-47F2B3CE
6.3,2025-05-11 17:35:41,True,9.38,29.4,1279.4,1d11129f-5fb9-4283-8093-98077dbc28cf,SN-47F2B3CE
6.5,2025-05-11 17:33:43,True,9.39,29.5,1284.4,c5253215-eb25-4a4c-840b-33c998f68092,SN-47F2B3CE
7.7,2025-05-11 17:40:52,True,9.38,29.4,1284.4,cbd46e0b-f019-4eb6-aa33-882496a1d205,SN-47F2B3CE
4.3,2025-05-11 17:16:17,True,9.37,29.5,1345.3,b8e1fb71-f267-455c-b1d8-a34058126cad,SN-47F2B3CE
5.2,2025-05-11 17:27:27,True,9.36,29.5,1366.2,536a293f-46a3-417a-9372-1112b37f9d38,SN-47F2B3CE
5.7,2025-05-11 17:29:33,True,9.38,29.5,1314.5,be356208-f04f-451b-bc0f-5437a06f812b,SN-47F2B3CE
6.7,2025-05-11 17:38:41,True,9.39,29.5,1274.5,d9fc0ea1-2791-460b-984f-51f931e73ef6,SN-47F2B3CE
5.2,2025-05-11 17:27:59,True,9.37,29.5,1345.3,5108934a-c5c4-4629-9519-d083adadc55c,SN-47F2B3CE
5.8,2025-05-11 17:29:21,True,9.38,29.5,1319.6,0ea2b683-3ea8-4ae5-ae29-9b255098e249,SN-47F2B3CE
4.6,2025-05-11 17:19:27,True,9.37,29.5,1340.1,35d46da6-7d6e-49cf-8014-73c35846ea55,SN-47F2B3CE
4.7,2025-05-11 17:18:33,True,9.37,29.5,1345.3,1709bc81-171a-4994-9924-2d3cd659aa00,SN-47F2B3CE
4.8,2025-05-11 17:21:53,True,9.37,29.4,1340.1,24afd68e-0f1b-4e4d-8a33-f28034e8a845,SN-47F2B3CE
4.9,2025-05-11 17:21:01,True,9.37,29.4,1324.7,1a3442e2-c822-4683-828d-630248807f53,SN-47F2B3CE
4.9,2025-05-11 17:20:51,True,9.36,29.4,1350.5,8a54ae61-4ee2-4d64-b5a9-4b8453a4a570,SN-47F2B3CE
5.8,2025-05-11 17:29:25,True,9.38,29.5,1314.5,fb153ce5-a464-4a85-94a3-47a3cdb576fd,SN-47F2B3CE
10.5,2025-05-11 17:04:57,True,9.39,29.6,1299.4,f37ebe3a-7eb1-40bb-bdc0-75c39cea9304,SN-47F2B3CE
4.4,2025-05-11 17:23:41,True,9.37,29.4,1314.5,d6868e4b-8578-46c0-932e-9d43ec660995,SN-47F2B3CE
6.3,2025-05-11 17:34:33,True,9.39,29.5,1279.4,c411f7d9-e735-4a76-9480-e2d96606447e,SN-47F2B3CE
4.9,2025-05-11 17:23:33,True,9.38,29.4,1304.4,666f65d8-8ca9-4821-847f-553605f49090,SN-47F2B3CE
4.9,2025-05-11 17:22:45,True,9.37,29.5,1335.0,3d249d5a-6063-4de4-8c81-3ca8abf814c2,SN-47F2B3CE
6.6,2025-05-11 17:39:31,True,9.39,29.5,1274.5,4b8dbafd-a391-449b-b66f-c75a648074a2,SN-47F2B3CE
4.3,2025-05-11 17:18:07,True,9.37,29.5,1345.3,b06dbeb3-aaeb-4370-9cdd-0d73cc54f548,SN-47F2B3CE
4.0,2025-05-11 17:16:07,True,9.37,29.5,1345.3,8ad397ed-0b64-48fd-ac41-21a2365c40ad,SN-47F2B3CE
5.9,2025-05-11 17:30:45,True,9.38,29.4,1299.4,6d09458f-2ff1-47be-96d1-6ac04815ac31,SN-47F2B3CE
6.7,2025-05-11 17:35:11,True,9.38,29.4,1279.4,0c06dfc7-1b1d-4eed-b6a7-c6290c0fe189,SN-47F2B3CE
3.8,2025-05-11 17:16:19,True,9.37,29.5,1345.3,f22ef7af-4ee9-4a97-b673-9cd14365cb10,SN-47F2B3CE
6.8,2025-05-11 17:36:56,True,9.39,29.4,1269.5,e9f7dddd-cac2-4bcb-b55c-f189d9d9640d,SN-47F2B3CE
5.0,2025-05-11 17:22:57,True,9.37,29.4,1324.7,1f28ba1c-6389-450d-8fb4-4e4ad326d6a4,SN-47F2B3CE
6.0,2025-05-11 17:30:51,True,9.38,29.5,1299.4,9bbdaf1d-cf93-4de6-9b5d-2bf476cd5bdf,SN-47F2B3CE
6.3,2025-05-11 17:36:07,True,9.38,29.4,1279.4,90733b32-8d87-4ae1-a73f-c5360dba4ca9,SN-47F2B3CE
3.3,2025-05-11 17:12:58,True,9.38,29.5,1299.4,655d176b-d348-4c47-9037-7c8a61aaa999,SN-47F2B3CE
4.8,2025-05-11 17:27:01,True,9.36,29.5,1371.4,9a62c60d-34ed-43ef-8ee2-1f6765900bc0,SN-47F2B3CE
5.2,2025-05-11 17:27:43,True,9.37,29.4,1340.1,7cbd4f6c-adc0-418f-8cb0-69c6ee9b6302,SN-47F2B3CE
5.9,2025-05-11 17:30:43,True,9.38,29.5,1299.4,25149a6a-fb4b-448a-883c-f5e70d645faa,SN-47F2B3CE
5.8,2025-05-11 17:30:27,True,9.37,29.4,1309.4,9f74febf-56ad-45a6-b8cc-2c3b5d8a5849,SN-47F2B3CE
5.5,2025-05-11 17:28:57,True,9.37,29.5,1350.5,a3daee99-591f-4587-bd83-bc805ef22908,SN-47F2B3CE
4.3,2025-05-11 17:16:27,True,9.37,29.5,1345.3,ad67ce60-c4a0-476f-8d60-88af9d856874,SN-47F2B3CE
7.7,2025-05-11 17:41:10,True,9.38,29.4,1284.4,35869bcc-a78d-4ac8-ae51-7ef5f5285ad8,SN-47F2B3CE
7.3,2025-05-11 17:03:33,True,9.8,30.8,212.2,26f33ea5-703b-481c-9380-7ab4857dab55,SN-47F2B3CE
4.2,2025-05-11 17:13:52,True,9.37,29.5,1350.5,48349623-e277-4877-bdc4-656b58a3abcd,SN-47F2B3CE
6.2,2025-05-11 17:33:03,True,9.38,29.4,1289.3,9d380c10-4cff-49ab-8ba1-bd914f7cf122,SN-47F2B3CE
6.1,2025-05-11 17:32:27,True,9.38,29.4,1294.3,61f02471-e7fa-48da-ac2d-c31e1bba0b52,SN-47F2B3CE
5.3,2025-05-11 17:25:35,True,9.36,29.5,1355.7,4339c24d-e883-4eee-b626-31c8b551b80b,SN-47F2B3CE
6.3,2025-05-11 17:35:27,True,9.39,29.5,1279.4,502b8101-dd92-4b1f-a759-cabce2e81328,SN-47F2B3CE
6.2,2025-05-11 17:32:37,True,9.38,29.5,1294.3,b041e274-2fec-4eff-851f-f394087c55d4,SN-47F2B3CE
7.7,2025-05-11 17:03:21,True,9.8,30.7,212.2,ca8f686f-e8ff-48d7-9602-493d73a6328f,SN-47F2B3CE
9.8,2025-05-11 17:03:53,True,9.63,29.8,542.2,ba71e1c2-bb07-4761-85db-3a6f71b741b8,SN-47F2B3CE
4.7,2025-05-11 17:25:45,True,9.36,29.5,1366.2,af6fdb2b-9db9-440e-bb3c-73c81a0e451f,SN-47F2B3CE
4.9,2025-05-11 17:26:07,True,9.36,29.5,1376.7,5ee586f7-9374-4d75-98ca-be1beff4df31,SN-47F2B3CE
6.3,2025-05-11 17:34:23,True,9.38,29.4,1279.4,6be78b88-71df-4f9d-bb9d-c26ed1ef8a8b,SN-47F2B3CE
6.4,2025-05-11 17:36:01,True,9.39,29.5,1279.4,2194f6b1-d89f-4071-bb10-6b9a0a0ce415,SN-47F2B3CE
4.0,2025-05-11 17:18:17,True,9.37,29.5,1345.3,a3cf8945-a37c-413f-ae40-14f137e2c097,SN-47F2B3CE
6.0,2025-05-11 17:31:03,True,9.38,29.4,1299.4,31ec46f4-6459-480d-86b9-cb8405707543,SN-47F2B3CE
6.7,2025-05-11 17:39:05,True,9.38,29.4,1274.5,603354ee-7654-4a0d-9d4b-be96535d9faa,SN-47F2B3CE
8.9,2025-05-11 17:04:21,True,9.58,29.7,650.9,46ba7aa0-a4aa-4f4b-91b4-96465fe60744,SN-47F2B3CE
6.0,2025-05-11 17:31:24,True,9.38,29.4,1299.4,e7371e99-b3ff-462b-bea5-794023ae90c7,SN-47F2B3CE
4.3,2025-05-11 17:15:57,True,9.37,29.5,1345.3,6a413049-df46-4530-b127-fd5ae34c60d9,SN-47F2B3CE
5.0,2025-05-11 17:24:47,True,9.38,29.5,1314.5,387b403d-4d23-4dea-919d-0a2961c6d664,SN-47F2B3CE
4.5,2025-05-11 17:18:47,True,9.37,29.5,1345.3,f0ec9659-c38c-46b5-96fd-dcdb6b4fdbcd,SN-47F2B3CE
6.2,2025-05-11 17:36:23,True,9.38,29.4,1279.4,d8b7c92b-7f28-4ac5-8e75-65fef7cf296d,SN-47F2B3CE
4.7,2025-05-11 17:21:29,True,9.37,29.4,1335.0,371bb011-3308-46c6-917c-c95ea207afec,SN-47F2B3CE
7.4,2025-05-11 17:39:42,True,9.38,29.4,1274.5,cfb61ed5-d425-42ce-8a43-243b55561301,SN-47F2B3CE
4.3,2025-05-11 17:17:25,True,9.37,29.5,1345.3,550bd086-faf4-45a3-b892-9ab954f10568,SN-47F2B3CE
4.9,2025-05-11 17:26:55,True,9.36,29.5,1371.4,d46a1948-f64f-4b10-b783-10e9096ea0aa,SN-47F2B3CE
5.7,2025-05-11 17:29:53,True,9.38,29.5,1314.5,e9dda9b9-5bcb-480c-bddd-2932d2276e81,SN-47F2B3CE
4.4,2025-05-11 17:18:53,True,9.37,29.5,1345.3,ba8d3445-3d5a-4908-9b92-76dca4c97d28,SN-47F2B3CE
4.3,2025-05-11 17:16:25,True,9.37,29.5,1345.3,0eac335b-b51d-4f98-b255-71231e4ac579,SN-47F2B3CE
7.4,2025-05-11 17:39:50,True,9.39,29.5,1274.5,24f887fa-326b-479d-be99-109236291367,SN-47F2B3CE
6.3,2025-05-11 17:34:11,True,9.38,29.4,1284.4,3339c3e0-706b-4571-ad7f-cf1244fb01b4,SN-47F2B3CE
4.5,2025-05-11 17:18:57,True,9.37,29.5,1345.3,9084e82e-2c06-4090-ab05-3f578f7e82cc,SN-47F2B3CE
4.8,2025-05-11 17:14:45,True,9.37,29.5,1345.3,8d0c3a55-2106-408d-aa5f-a2a03326847b,SN-47F2B3CE
10.2,2025-05-11 17:04:53,True,9.38,29.5,1299.4,366f448b-672b-44bc-93b4-ad6d1ce3d2e7,SN-47F2B3CE
3.2,2025-05-11 17:13:06,True,9.39,29.6,1299.4,a03822b4-7ebd-440c-bb0d-b4e301e9bbd0,SN-47F2B3CE
4.4,2025-05-11 17:13:34,True,9.36,29.5,1355.7,71e32cfc-a721-4ba1-99c7-e7f2b3cae414,SN-47F2B3CE
4.3,2025-05-11 17:14:37,True,9.37,29.5,1345.3,3366dcfb-9c59-4452-a558-7a78235ea18c,SN-47F2B3CE
3.9,2025-05-11 17:13:22,True,9.37,29.6,1360.9,efbdb677-92a6-44be-bea0-c2ae9f4a06cd,SN-47F2B3CE
6.3,2025-05-11 17:35:07,True,9.39,29.5,1279.4,fc03efe7-63d4-4973-8749-faf51c82bb73,SN-47F2B3CE
5.9,2025-05-11 17:31:07,True,9.38,29.4,1299.4,b467b20b-8d55-47c8-bbe0-8c78cb808d0d,SN-47F2B3CE
6.3,2025-05-11 17:35:19,True,9.39,29.5,1279.4,8e0760d1-1b0e-442d-bec4-947d7d6cf91c,SN-47F2B3CE
4.4,2025-05-11 17:16:49,True,9.37,29.5,1345.3,0ec949b0-9197-430c-a4f3-201aa17ad5e0,SN-47F2B3CE
4.8,2025-05-11 17:26:33,True,9.36,29.5,1371.4,3f7cda0b-a9e9-47f3-89d3-8307e069d414,SN-47F2B3CE
4.8,2025-05-11 17:21:59,True,9.37,29.4,1329.8,5d0bcd84-e7cf-405d-b728-ffbff763d3e5,SN-47F2B3CE
6.1,2025-05-11 17:32:57,True,9.38,29.5,1289.3,d3f7fd1f-219c-4d7f-82e3-886281d6f259,SN-47F2B3CE
7.0,2025-05-11 17:37:14,True,9.38,29.4,1274.5,c3145ee9-928d-4a5d-803b-66bf88c542df,SN-47F2B3CE
6.3,2025-05-11 17:36:32,True,9.38,29.4,1279.4,8065a7c0-0f37-4d30-b7bf-e32da3430270,SN-47F2B3CE
7.5,2025-05-11 17:42:52,True,9.38,29.4,1279.4,88659642-43fb-4b70-9309-4f7884353a96,SN-47F2B3CE
6.3,2025-05-11 17:34:25,True,9.38,29.4,1279.4,ef0b8b09-c1ad-43be-912f-a1b96a2a6e48,SN-47F2B3CE
6.0,2025-05-11 17:31:19,True,9.38,29.5,1299.4,4ddcfe1a-779a-47ef-9f9f-da03c3c03532,SN-47F2B3CE
3.7,2025-05-11 17:13:40,True,9.36,29.5,1355.7,a3722c09-8cef-45d2-ba86-b3f6c141f1a4,SN-47F2B3CE
5.9,2025-05-11 17:31:13,True,9.38,29.5,1299.4,8e1429c0-33ff-4e83-a37b-077abdb0d3e9,SN-47F2B3CE
4.9,2025-05-11 17:26:09,True,9.36,29.5,1376.7,dc3c8ee8-fc68-42ad-abc1-27dade23268f,SN-47F2B3CE
4.8,2025-05-11 17:25:49,True,9.36,29.5,1366.2,217f1722-29aa-4334-9d51-f66a75e81197,SN-47F2B3CE
10.0,2025-05-11 17:03:49,True,9.71,29.9,256.3,7d023c64-0107-4197-adc1-b4289fb81a71,SN-47F2B3CE
5.8,2025-05-11 17:30:29,True,9.38,29.5,1304.4,f3fe8eda-5a65-49d5-84a2-b22ea036a2df,SN-47F2B3CE
5.3,2025-05-11 17:28:37,True,9.37,29.5,1350.5,30cdbd15-1d89-446b-8380-070b30e6edae,SN-47F2B3CE
7.1,2025-05-11 17:42:36,True,9.38,29.4,1279.4,8c991b8f-70ca-435e-9b37-c9560f6cb970,SN-47F2B3CE
4.8,2025-05-11 17:25:53,True,9.36,29.5,1371.4,5c2818ad-3979-4d0e-b2f5-1d9ded2d8017,SN-47F2B3CE
5.6,2025-05-11 17:28:23,True,9.37,29.5,1345.3,b0f1c8a1-4f24-4296-ad28-cd3f0a56b371,SN-47F2B3CE
5.9,2025-05-11 17:30:41,True,9.38,29.4,1299.4,2e66e864-6325-4bff-a682-fe9c0719e451,SN-47F2B3CE
6.3,2025-05-11 17:34:21,True,9.38,29.4,1279.4,0747b86e-fb23-49fd-b61a-e512d4d61d0d,SN-47F2B3CE
4.8,2025-05-11 17:26:01,True,9.36,29.5,1376.7,bc8513fa-3f45-4fef-bb0b-669fa165cf2f,SN-47F2B3CE
7.5,2025-05-11 17:03:15,True,9.8,30.7,212.2,4fd581f0-2de9-422a-8a2c-5f3ad1b4dad6,SN-47F2B3CE
4.4,2025-05-11 17:21:23,True,9.37,29.5,1329.8,d9197adc-d614-4c7f-bc7f-5cafcb3fbffe,SN-47F2B3CE
4.3,2025-05-11 17:15:47,True,9.37,29.5,1345.3,2a7faa13-ed0a-4418-b34e-b25d46dbda64,SN-47F2B3CE
4.8,2025-05-11 17:23:45,True,9.37,29.4,1314.5,72ae174e-7ffb-467b-8940-e5f66cf5b68c,SN-47F2B3CE
4.6,2025-05-11 17:20:17,True,9.36,29.4,1345.3,1a632e06-27b4-4eab-98bc-7afc32297313,SN-47F2B3CE
4.1,2025-05-11 17:15:01,True,9.37,29.5,1345.3,83c05314-8de2-4582-95bf-36e639335827,SN-47F2B3CE
6.2,2025-05-11 17:33:55,True,9.38,29.4,1284.4,d66c08a9-e543-40d0-a730-6b679410c878,SN-47F2B3CE
4.6,2025-05-11 17:20:25,True,9.37,29.5,1345.3,7804829c-d686-4206-8bd5-501e21b7e4f9,SN-47F2B3CE
5.0,2025-05-11 17:27:07,True,9.36,29.5,1371.4,8cfcbd1d-e876-4153-98a7-0db239f7f303,SN-47F2B3CE
5.6,2025-05-11 17:29:05,True,9.37,29.5,1345.3,62bc7767-12ec-4f48-b6a2-6959db11fca2,SN-47F2B3CE
6.0,2025-05-11 17:31:17,True,9.38,29.5,1299.4,f5d13bd1-b101-4d04-8f47-7492f7b4b975,SN-47F2B3CE
6.5,2025-05-11 17:37:40,True,9.38,29.4,1274.5,96dfbd47-d87f-444c-bd7e-902a2bd523a5,SN-47F2B3CE
4.3,2025-05-11 17:16:31,True,9.37,29.5,1345.3,335b1663-3ebb-4869-b95c-91a54432bc4b,SN-47F2B3CE
5.0,2025-05-11 17:24:53,True,9.38,29.5,1319.6,f3fd8870-d025-48d0-801e-f07beb859181,SN-47F2B3CE
4.5,2025-05-11 17:18:59,True,9.37,29.5,1345.3,311e8f84-0dbb-4d50-b316-55764060dd8a,SN-47F2B3CE
5.2,2025-05-11 17:27:49,True,9.37,29.4,1340.1,67378abb-4107-4949-9943-d7f5bb2992eb,SN-47F2B3CE
4.4,2025-05-11 17:18:27,True,9.37,29.5,1345.3,c2a95f8c-4b79-4b1d-ab26-cff1f1fb22ee,SN-47F2B3CE
5.7,2025-05-11 17:30:09,True,9.37,29.4,1314.5,2edbdb1d-cc15-4dd6-a601-9b8ffebd1153,SN-47F2B3CE
5.2,2025-05-11 17:26:35,True,9.36,29.5,1376.7,1062614a-ead5-447e-93f0-5499a163f41f,SN-47F2B3CE
4.4,2025-05-11 17:14:57,True,9.37,29.5,1345.3,435ae213-840a-4905-8509-5287e8031726,SN-47F2B3CE
6.6,2025-05-11 17:37:08,True,9.39,29.5,1274.5,a81cf48b-d787-4bfb-b0d3-f4fcbdc0201c,SN-47F2B3CE
5.3,2025-05-11 17:28:43,True,9.37,29.5,1350.5,282683a1-a9c7-42fc-ac37-c3610c3bfe95,SN-47F2B3CE
4.7,2025-05-11 17:25:25,True,9.37,29.5,1340.1,0afb5667-719b-4d58-bd35-4d84ebba2666,SN-47F2B3CE
5.3,2025-05-11 17:27:33,True,9.37,29.5,1340.1,3377d7cd-2a95-4faa-8f61-000262458f54,SN-47F2B3CE
4.2,2025-05-11 17:14:11,True,9.37,29.5,1350.5,577d3641-28a7-4c02-9224-7d16c1b7808b,SN-47F2B3CE
6.3,2025-05-11 17:34:43,True,9.39,29.5,1279.4,c81e0cc4-8d62-43c4-bf5c-2e58069914d5,SN-47F2B3CE
4.7,2025-05-11 17:24:23,True,9.37,29.4,1314.5,73126e15-2c7a-4c65-8c01-f818b0e88387,SN-47F2B3CE
4.7,2025-05-11 17:25:37,True,9.36,29.5,1355.7,19213b80-38be-4685-903e-78362555e487,SN-47F2B3CE
5.6,2025-05-11 17:29:01,True,9.36,29.4,1350.5,8074f3e7-11b8-42e2-bf6b-b02887de2eef,SN-47F2B3CE
7.5,2025-05-11 17:40:50,True,9.38,29.4,1284.4,36bddf09-3131-4552-b2e2-5b690835a010,SN-47F2B3CE
6.5,2025-05-11 17:37:04,True,9.38,29.4,1274.5,e6446750-3196-4ea3-bb19-75562bdfd32c,SN-47F2B3CE
7.5,2025-05-11 17:42:50,True,9.38,29.4,1279.4,8804f08a-4775-4ad3-afab-b6991f7dfb08,SN-47F2B3CE
8.0,2025-05-11 17:40:24,True,9.39,29.5,1284.4,86d49e10-cc15-42f3-ab16-86e4ce4399e5,SN-47F2B3CE
4.8,2025-05-11 17:14:49,True,9.37,29.5,1345.3,2a589e70-9f75-49db-9792-1d1f3299ffc6,SN-47F2B3CE
6.2,2025-05-11 17:29:20,True,9.38,29.5,1319.6,0f568be6-697d-476e-bb1b-a08d951ebdc1,SN-47F2B3CE
7.0,2025-05-11 17:39:56,True,9.38,29.4,1279.4,c9157b06-f629-43b2-baf6-529418e1fb1c,SN-47F2B3CE
7.9,2025-05-11 17:40:22,True,9.38,29.4,1284.4,acfa6066-89e0-48f3-bfd8-b606b6373472,SN-47F2B3CE
5.0,2025-05-11 17:27:11,True,9.36,29.5,1371.4,0e6082d8-6744-42fa-beea-abf8a38de8f4,SN-47F2B3CE
6.8,2025-05-11 17:39:25,True,9.39,29.5,1274.5,1664b6e7-ba5f-4442-b60a-ddcf63da6531,SN-47F2B3CE
6.7,2025-05-11 17:39:34,True,9.39,29.5,1274.5,173e5590-453b-4abc-9a2d-5cf263c59cbe,SN-47F2B3CE
4.5,2025-05-11 17:15:23,True,9.37,29.5,1345.3,912b8714-9c70-4998-809e-1d89cdbe19d3,SN-47F2B3CE
4.9,2025-05-11 17:26:53,True,9.36,29.5,1371.4,63954621-2653-4b2f-ab2d-56948a6502c9,SN-47F2B3CE
4.4,2025-05-11 17:16:47,True,9.37,29.5,1345.3,7bc24857-a325-4599-bb80-6749269d1b8c,SN-47F2B3CE
4.5,2025-05-11 17:22:51,True,9.37,29.4,1335.0,9b6e0f89-3f59-4fd4-ae67-6a6165874f57,SN-47F2B3CE
4.3,2025-05-11 17:15:39,True,9.37,29.5,1345.3,c8b60b5d-c840-4c4e-9035-041de3fffa54,SN-47F2B3CE
8.4,2025-05-11 17:40:54,True,9.38,29.4,1284.4,de820095-2341-472d-b271-bb7b913f7016,SN-47F2B3CE
9.4,2025-05-11 17:04:09,True,9.59,29.8,645.6,beab7a8d-27c8-42a7-a70e-8d684a93307e,SN-47F2B3CE
4.6,2025-05-11 17:20:13,True,9.36,29.4,1345.3,f7b6d50a-2f90-45da-8178-0870ca6400a9,SN-47F2B3CE
6.5,2025-05-11 17:37:52,True,9.38,29.4,1274.5,4f739fb6-9302-4b35-a91d-59bbb0987a1e,SN-47F2B3CE
4.6,2025-05-11 17:19:41,True,9.36,29.4,1345.3,00ed5e40-dad3-4268-9c17-9bdfaf5468e6,SN-47F2B3CE
5.7,2025-05-11 17:29:59,True,9.38,29.5,1314.5,87ae3033-1cfd-472f-80b0-5b417af8f870,SN-47F2B3CE
3.9,2025-05-11 17:13:20,True,9.37,29.6,1360.9,264009de-ef17-462b-a49e-ad1eb0c06c95,SN-47F2B3CE
4.3,2025-05-11 17:14:17,True,9.37,29.5,1350.5,d4147e62-fe79-40cd-8674-43d8c6c5eb7f,SN-47F2B3CE
4.7,2025-05-11 17:25:29,True,9.37,29.5,1345.3,9360bd75-d1a3-44a8-bdf5-4e784a95dac3,SN-47F2B3CE
5.0,2025-05-11 17:27:16,True,9.36,29.5,1371.4,e76efdd4-c6bd-4cfc-bd4e-a9cdf9be5ad1,SN-47F2B3CE
4.9,2025-05-11 17:26:57,True,9.36,29.5,1371.4,9a9ac29a-037e-40c2-a953-4b55022618ea,SN-47F2B3CE
4.3,2025-05-11 17:16:13,True,9.37,29.5,1345.3,31f1314c-891f-43b9-8372-d333b4f014d6,SN-47F2B3CE
7.7,2025-05-11 17:41:54,True,9.39,29.5,1284.4,ba77d5a6-1423-429e-ad8b-bad775dba77e,SN-47F2B3CE
6.3,2025-05-11 17:34:01,True,9.38,29.4,1284.4,e0be215c-84fc-4380-a582-608328149c2d,SN-47F2B3CE
6.3,2025-05-11 17:33:17,True,9.38,29.5,1289.3,dd2b2a9d-9848-4246-b5ef-419e2d9caf4c,SN-47F2B3CE
4.4,2025-05-11 17:13:28,True,9.37,29.6,1360.9,8d1c464d-3437-4ef3-9218-895e3201e0bd,SN-47F2B3CE
4.4,2025-05-11 17:18:29,True,9.37,29.5,1345.3,b18c4dd3-ab3d-4d01-a125-8d41b6765680,SN-47F2B3CE
7.2,2025-05-11 17:38:30,True,9.38,29.4,1274.5,978ce3ea-983c-4d03-a410-16787beddf5c,SN-47F2B3CE
6.5,2025-05-11 17:37:54,True,9.38,29.4,1274.5,8eef4ec1-a242-4d73-8b4d-e0f28abe5056,SN-47F2B3CE
5.7,2025-05-11 17:29:29,True,9.38,29.5,1314.5,d7628a54-4dd7-4e9b-b70f-72a17a32e53a,SN-47F2B3CE
4.8,2025-05-11 17:23:17,True,9.38,29.4,1299.4,b652786f-a8ab-410a-b209-f304f5cc8737,SN-47F2B3CE
3.5,2025-05-11 17:13:24,True,9.36,29.5,1360.9,622d6542-5b4d-43a9-9d32-5d1759c1a2f2,SN-47F2B3CE
4.9,2025-05-11 17:26:15,True,9.36,29.5,1371.4,cf3c5fe2-9422-410f-8af1-95c4a9339a2e,SN-47F2B3CE
4.8,2025-05-11 17:17:09,True,9.37,29.5,1345.3,fb53b6ea-57c3-4e0b-96cd-1004332c58cd,SN-47F2B3CE
4.7,2025-05-11 17:20:05,True,9.36,29.4,1345.3,1eacfea2-186b-4575-8cf0-d3bf4c18eeef,SN-47F2B3CE
9.6,2025-05-11 17:04:07,True,9.59,29.8,645.6,a18cc876-703f-43cb-a1e7-f4e4e06800ab,SN-47F2B3CE
6.8,2025-05-11 17:39:21,True,9.38,29.4,1274.5,6a10cf85-cbfc-4b6d-9347-110e64ae41c4,SN-47F2B3CE
4.3,2025-05-11 17:17:01,True,9.37,29.5,1345.3,abb14841-ace7-4605-9797-3569178fcc5a,SN-47F2B3CE
5.0,2025-05-11 17:19:59,True,9.37,29.5,1345.3,54aaeb68-94b6-410e-8000-ea581bb03b94,SN-47F2B3CE
4.4,2025-05-11 17:18:23,True,9.37,29.5,1345.3,5f80bfa9-a671-49eb-b01e-4aa6093b3add,SN-47F2B3CE
7.4,2025-05-11 17:42:24,True,9.38,29.4,1274.5,32f9e7c6-2e60-4bda-8a9b-24ce006c4655,SN-47F2B3CE
4.7,2025-05-11 17:14:27,True,9.37,29.5,1345.3,182ffc2a-fe2a-413f-802c-da92ec478432,SN-47F2B3CE
6.2,2025-05-11 17:32:41,True,9.38,29.4,1294.3,ce2ea321-b863-4bc2-8359-f1ec75bc6e8f,SN-47F2B3CE
4.9,2025-05-11 17:20:57,True,9.37,29.4,1340.1,e087afbd-2175-4155-8360-d4794dd3b487,SN-47F2B3CE
5.9,2025-05-11 17:31:25,True,9.38,29.5,1299.4,db12ea26-76ec-46a1-80ad-851361277de0,SN-47F2B3CE
5.0,2025-05-11 17:28:55,True,9.37,29.5,1350.5,84448b40-de86-4052-aeb6-a17c92ecd1c3,SN-47F2B3CE
5.8,2025-05-11 17:29:23,True,9.38,29.5,1319.6,fd5021cb-241a-4525-8ed2-3f64298ec718,SN-47F2B3CE
4.6,2025-05-11 17:20:15,True,9.36,29.4,1345.3,9c501278-d055-4286-ad10-5e7bf01cb20f,SN-47F2B3CE
3.9,2025-05-11 17:17:21,True,9.37,29.5,1345.3,162669f1-5e53-4289-bfbd-c7fb1b6f2d72,SN-47F2B3CE
6.7,2025-05-11 17:33:13,True,9.38,29.4,1289.3,5fb1483c-3415-467e-851c-48b1fc96c9c2,SN-47F2B3CE
4.2,2025-05-11 17:20:33,True,9.37,29.5,1345.3,c74e81fa-e299-42fa-b2b5-6391dfdfa00a,SN-47F2B3CE
5.2,2025-05-11 17:23:55,True,9.37,29.5,1329.8,079db677-f82f-436d-93e7-4e8ff504fc17,SN-47F2B3CE
6.7,2025-05-11 17:38:43,True,9.38,29.4,1274.5,205aa19d-9ad2-4b59-a3d5-f4a72f2fd7c5,SN-47F2B3CE
4.6,2025-05-11 17:23:59,True,9.37,29.4,1329.8,6d673cc0-5cde-4e2b-97f0-284ecaa5b8be,SN-47F2B3CE
5.0,2025-05-11 17:24:33,True,9.37,29.4,1309.4,98a3f82b-8c78-43e4-a871-d17fe78bacdd,SN-47F2B3CE
6.0,2025-05-11 17:30:55,True,9.38,29.4,1299.4,fb46ab13-c04a-4b19-ad99-4db3deb19cb4,SN-47F2B3CE
9.6,2025-05-11 17:04:12,True,9.58,29.7,650.9,f8311b40-0fde-434a-95eb-066be9388b09,SN-47F2B3CE
4.4,2025-05-11 17:16:09,True,9.37,29.5,1345.3,ebe99993-e53c-48f6-b7fb-7f0710beb75d,SN-47F2B3CE
4.8,2025-05-11 17:25:13,True,9.37,29.4,1324.7,9f0b05cd-c36a-41fb-8512-a262aa39c505,SN-47F2B3CE
4.4,2025-05-11 17:25:27,True,9.37,29.5,1345.3,0b903bc6-d8bc-4f8e-965b-6387e2e821c9,SN-47F2B3CE
7.9,2025-05-11 17:42:22,True,9.39,29.5,1274.5,a83b7782-28b1-48c0-ac28-e93463b1b05c,SN-47F2B3CE
5.4,2025-05-11 17:23:13,True,9.38,29.4,1299.4,9fa7a703-518d-4987-a3b6-a0b725b40c7b,SN-47F2B3CE
6.5,2025-05-11 17:32:26,True,9.38,29.5,1294.3,b5b02a65-e268-49b9-9a60-303ffaa8e50e,SN-47F2B3CE
6.2,2025-05-11 17:33:11,True,9.38,29.4,1289.3,9ac17937-237d-40ef-af55-9f5203ea4ab1,SN-47F2B3CE
4.3,2025-05-11 17:15:51,True,9.37,29.5,1345.3,d1acab0b-d845-4f48-a064-d0f7493bf295,SN-47F2B3CE
7.7,2025-05-11 17:41:08,True,9.38,29.4,1284.4,0dcf372d-1ce0-4b11-99c4-02773bbd8037,SN-47F2B3CE
8.0,2025-05-11 17:42:12,True,9.38,29.4,1274.5,b99e4a3d-39f2-42ab-badb-7ac8143b07a8,SN-47F2B3CE
5.2,2025-05-11 17:27:23,True,9.36,29.5,1371.4,23bca1ab-70dc-4045-9f83-7e7ddfe9a33a,SN-47F2B3CE
7.8,2025-05-11 17:41:34,True,9.39,29.5,1279.4,cda09a48-8f80-4715-8f2b-d936063b8815,SN-47F2B3CE
4.4,2025-05-11 17:13:36,True,9.37,29.6,1355.7,4eae3265-fabf-44a6-bad1-deab1036cdc1,SN-47F2B3CE
3.4,2025-05-11 17:13:14,True,9.37,29.5,1340.1,1410a045-9f25-4c48-ac7d-919ee1d365d7,SN-47F2B3CE
7.6,2025-05-11 17:42:02,True,9.38,29.4,1279.4,7edd3178-7b01-4fe9-b6d4-3d73471699f0,SN-47F2B3CE
6.9,2025-05-11 17:39:27,True,9.38,29.4,1274.5,4c5975f0-ef37-4f08-9e84-8b87ad77f5f6,SN-47F2B3CE
7.9,2025-05-11 17:42:44,True,9.38,29.4,1279.4,046a6741-ad65-47b5-b6c2-7b02e3fe73a6,SN-47F2B3CE
4.3,2025-05-11 17:17:17,True,9.37,29.5,1345.3,1082c777-27fc-429e-830d-f68d708a7a9b,SN-47F2B3CE
4.7,2025-05-11 17:21:17,True,9.37,29.4,1324.7,8d4424ec-52bf-4279-9aaf-c1e65a2188f6,SN-47F2B3CE
5.4,2025-05-11 17:28:49,True,9.37,29.5,1350.5,c422a8af-ee68-43ef-b72c-e118fdd625be,SN-47F2B3CE
6.1,2025-05-11 17:37:02,True,9.38,29.4,1274.5,da4a6b77-3150-4cd3-8368-b04c9dbf4db3,SN-47F2B3CE
3.6,2025-05-11 17:13:12,True,9.38,29.6,1329.8,40135208-51a0-45c4-a8fe-4c336a481b66,SN-47F2B3CE
6.3,2025-05-11 17:36:44,True,9.38,29.4,1274.5,fee412f1-6eb9-42c5-b089-c08ad06e7ba6,SN-47F2B3CE
5.0,2025-05-11 17:28:18,True,9.37,29.5,1345.3,c41b4394-7bdf-4ffc-811a-a01246f06759,SN-47F2B3CE
7.9,2025-05-11 17:40:44,True,9.38,29.4,1284.4,af13070c-5f90-4597-aac7-8dfaae357bce,SN-47F2B3CE
4.8,2025-05-11 17:22:05,True,9.37,29.5,1329.8,4678b63f-732c-463c-9995-1bf271cd968c,SN-47F2B3CE
5.5,2025-05-11 17:30:25,True,9.37,29.4,1314.5,d4f1a779-cf45-414d-bae0-06d12a7527e7,SN-47F2B3CE
4.8,2025-05-11 17:21:57,True,9.37,29.5,1340.1,c95c7f50-e2da-4742-a74b-4d8828c99133,SN-47F2B3CE
6.0,2025-05-11 17:32:19,True,9.38,29.4,1294.3,c4634071-7f51-4bbc-b8d5-df716c753bd1,SN-47F2B3CE
5.0,2025-05-11 17:22:53,True,9.37,29.4,1329.8,d1a4664a-5c98-4e91-ba17-fe6775cf0d8f,SN-47F2B3CE
4.5,2025-05-11 17:26:41,True,9.36,29.5,1376.7,9a265635-76b2-4caf-afb2-72a6dfb43caa,SN-47F2B3CE
6.9,2025-05-11 17:40:14,True,9.39,29.5,1284.4,44c9a267-d944-487f-b1a9-0d29fb57ec98,SN-47F2B3CE
6.3,2025-05-11 17:34:09,True,9.39,29.5,1284.4,045a8ceb-6b98-47c0-810e-6f91bc23e8eb,SN-47F2B3CE
4.8,2025-05-11 17:26:31,True,9.36,29.5,1371.4,9507385f-48b6-4cbd-9fbb-231a279ef89e,SN-47F2B3CE
6.3,2025-05-11 17:35:13,True,9.39,29.5,1279.4,c8535d1a-febb-4230-bde2-4cc44b23726a,SN-47F2B3CE
5.5,2025-05-11 17:28:31,True,9.37,29.5,1350.5,7c967f11-2ede-4a00-95b7-0e66a3b649a8,SN-47F2B3CE
6.0,2025-05-11 17:29:13,True,9.37,29.5,1329.8,d7d3e62d-6f8b-400d-b483-4f5a9a7ede87,SN-47F2B3CE
7.4,2025-05-11 17:41:12,True,9.38,29.4,1279.4,1cc366fd-50d4-4642-b3b2-17dc2a4d3d09,SN-47F2B3CE
4.9,2025-05-11 17:21:21,True,9.37,29.4,1324.7,00fbd531-7101-4124-ad4c-d367610d94c6,SN-47F2B3CE
10.6,2025-05-11 17:04:41,True,9.39,29.6,1284.4,d1bc0b39-ebcd-46db-b3cd-f10fb4d4a8d3,SN-47F2B3CE
4.6,2025-05-11 17:19:45,True,9.37,29.5,1345.3,a1eb32e6-c8a6-407f-9026-d356f4c2c87b,SN-47F2B3CE
7.4,2025-05-11 17:39:29,True,9.39,29.5,1274.5,767f237d-f6ca-4fe9-a5f9-68096a3f2398,SN-47F2B3CE
5.0,2025-05-11 17:27:17,True,9.36,29.5,1371.4,e0c91d2b-8034-477f-9b54-c83b82215a01,SN-47F2B3CE
6.6,2025-05-11 17:33:53,True,9.38,29.4,1284.4,f84f61b6-4674-4caf-b04a-be7303a714e3,SN-47F2B3CE
6.1,2025-05-11 17:29:45,True,9.37,29.4,1314.5,4020356b-5574-4b89-94da-8f137029cbe5,SN-47F2B3CE
4.6,2025-05-11 17:24:05,True,9.37,29.5,1329.8,cd63ec78-6d0a-4381-9c13-e57bef1ed117,SN-47F2B3CE
4.3,2025-05-11 17:15:41,True,9.37,29.5,1345.3,d9618d73-c89d-4e80-bee6-a088342f57fc,SN-47F2B3CE
9.9,2025-05-11 17:04:55,True,9.38,29.5,1299.4,99f2db07-c5a8-4d21-8330-2282abd6cead,SN-47F2B3CE
4.3,2025-05-11 17:14:15,True,9.37,29.5,1350.5,a1b7e197-6f6f-4a5a-ba6c-39c733d924e5,SN-47F2B3CE
5.5,2025-05-11 17:24:12,True,9.37,29.4,1329.8,7f82020c-05e6-4dc1-93ec-8f329bd34561,SN-47F2B3CE
4.3,2025-05-11 17:22:11,True,9.37,29.4,1329.8,80fffbdc-a1ee-4b7f-bd7f-f69fb4839f2a,SN-47F2B3CE
4.5,2025-05-11 17:20:53,True,9.36,29.4,1350.5,7e6fa3e9-c9d1-4176-80b9-e038c3cf9d95,SN-47F2B3CE
4.6,2025-05-11 17:19:19,True,9.37,29.5,1340.1,fa75adcc-9656-47ad-9459-8e45fe12566f,SN-47F2B3CE
5.1,2025-05-11 17:21:47,True,9.37,29.4,1340.1,84883e3a-67e1-4b23-92e9-4ffc2d710618,SN-47F2B3CE
4.4,2025-05-11 17:16:03,True,9.37,29.5,1345.3,a9c4b078-c59b-41e9-85a0-c1d6d1d8e6b6,SN-47F2B3CE
4.9,2025-05-11 17:27:03,True,9.36,29.5,1371.4,7e82f7a3-d46d-4ec9-b96d-7d1d3ba1999f,SN-47F2B3CE
4.8,2025-05-11 17:21:09,True,9.37,29.4,1324.7,c997dd20-0f88-432c-991d-aace78baabc9,SN-47F2B3CE
4.8,2025-05-11 17:25:15,True,9.37,29.5,1329.8,b97a7569-954d-44be-a56d-5b2a39b47d33,SN-47F2B3CE
10.1,2025-05-11 17:05:03,True,9.38,29.5,1294.3,345da215-15d5-4373-b00b-f2e267a387d7,SN-47F2B3CE
9.9,2025-05-11 17:04:37,True,9.58,29.6,650.9,1af1ac6a-565b-42d0-8583-74b36a5b133a,SN-47F2B3CE
5.9,2025-05-11 17:31:33,True,9.38,29.4,1299.4,aee9225c-e1bd-4233-ab87-45884c247a2d,SN-47F2B3CE
5.4,2025-05-11 17:23:05,True,9.38,29.4,1299.4,6fadb9f9-0eba-4e26-92dd-5fec4e012b05,SN-47F2B3CE
9.6,2025-05-11 17:03:59,True,9.61,29.8,597.0,388a8ae6-de74-4700-9a23-6b7a77e4f33b,SN-47F2B3CE
6.0,2025-05-11 17:31:01,True,9.38,29.4,1299.4,af43b191-c3a5-4cfd-82c5-024f70a2fa2b,SN-47F2B3CE
4.8,2025-05-11 17:22:27,True,9.37,29.5,1329.8,063b8fd4-8569-4aa9-a58b-d2bf3f3da994,SN-47F2B3CE
6.5,2025-05-11 17:37:00,True,9.39,29.5,1274.5,5d3f9ecd-132e-4c28-9478-58ec732aaf83,SN-47F2B3CE
5.9,2025-05-11 17:36:54,True,9.39,29.5,1269.5,8003842e-a7ca-4d13-b688-bae701e6fa2f,SN-47F2B3CE
4.7,2025-05-11 17:22:15,True,9.37,29.4,1329.8,fc802460-1c8b-4d82-a0ec-db0185c041a9,SN-47F2B3CE
6.3,2025-05-11 17:38:55,True,9.39,29.5,1274.5,8e7986ca-0824-4a99-b72b-f0c1a37f8b42,SN-47F2B3CE
5.9,2025-05-11 17:34:19,True,9.39,29.5,1279.4,c9bc5168-c413-48ee-9b58-13e8aaad4d8c,SN-47F2B3CE
6.3,2025-05-11 17:34:05,True,9.39,29.5,1284.4,be0e28fa-85ea-493f-8aa6-bc03107d0974,SN-47F2B3CE
5.3,2025-05-11 17:28:11,True,9.37,29.5,1345.3,9c1c20af-007f-4212-a61a-d94f4fdea63e,SN-47F2B3CE
4.5,2025-05-11 17:19:03,True,9.36,29.4,1345.3,1526e521-5cfe-413a-8d90-207564be5a42,SN-47F2B3CE
4.6,2025-05-11 17:19:55,True,9.36,29.4,1345.3,951222ce-5675-4135-bd8e-f489fadaf1ff,SN-47F2B3CE
6.3,2025-05-11 17:36:25,True,9.38,29.4,1279.4,faabfb2b-a39a-4999-938b-2bf41e177c17,SN-47F2B3CE
4.4,2025-05-11 17:21:15,True,9.37,29.4,1324.7,3adbe0e2-01dd-46a9-9819-9d444dd13b76,SN-47F2B3CE
6.7,2025-05-11 17:39:07,True,9.39,29.5,1274.5,7a5e1aff-5759-4895-80a1-055c8f2eca29,SN-47F2B3CE
4.2,2025-05-11 17:14:07,True,9.37,29.5,1350.5,b956977c-d258-4a22-b222-57279c0989b6,SN-47F2B3CE
5.6,2025-05-11 17:30:23,True,9.38,29.5,1314.5,9bb7f405-7259-4548-adec-8d088393330d,SN-47F2B3CE
4.9,2025-05-11 17:27:31,True,9.36,29.5,1366.2,62dafbda-0292-4f66-8277-f0ff03327fea,SN-47F2B3CE
4.6,2025-05-11 17:24:35,True,9.37,29.4,1309.4,ec88e967-f0b1-40fa-a4de-389f675b2ff4,SN-47F2B3CE
9.5,2025-05-11 17:05:01,True,9.39,29.6,1299.4,d7df26bc-2354-4751-bf12-2ce2a5467f26,SN-47F2B3CE
4.3,2025-05-11 17:17:41,True,9.37,29.5,1345.3,46fd1d4d-c6cf-46d2-8095-f2ad4991aaf9,SN-47F2B3CE
7.6,2025-05-11 17:40:18,True,9.38,29.4,1284.4,50e1592d-5030-4261-9ceb-da54d55a28c4,SN-47F2B3CE
4.4,2025-05-11 17:16:02,True,9.37,29.5,1345.3,c6f0ba1a-b6ac-4d8a-8e9b-857b4f2521e7,SN-47F2B3CE
6.7,2025-05-11 17:34:37,True,9.38,29.4,1279.4,cb2259e0-9b6d-4c69-8529-633f317c8a82,SN-47F2B3CE
7.2,2025-05-11 17:41:56,True,9.38,29.4,1284.4,8d5eb89d-11c4-4ad1-9ef0-875350882587,SN-47F2B3CE
6.2,2025-05-11 17:35:39,True,9.39,29.5,1279.4,b313ae45-250a-4b6d-9360-55603d1f5d3b,SN-47F2B3CE
5.5,2025-05-11 17:31:29,True,9.38,29.4,1299.4,85adafd2-ff5a-4566-bff0-827082dce6a1,SN-47F2B3CE
4.6,2025-05-11 17:19:57,True,9.36,29.4,1345.3,2da7d8ed-a5b1-4384-b6cd-99fa899b843d,SN-47F2B3CE
5.3,2025-05-11 17:27:37,True,9.37,29.5,1340.1,234158ee-749a-4d78-9016-363c6b88eb1a,SN-47F2B3CE
6.9,2025-05-11 17:37:44,True,9.38,29.4,1274.5,286da27e-ab10-400c-b572-b7f599f37554,SN-47F2B3CE
5.3,2025-05-11 17:28:15,True,9.37,29.5,1345.3,3a60ae48-8c69-4083-9a47-30408a31142c,SN-47F2B3CE
4.8,2025-05-11 17:26:03,True,9.36,29.5,1376.7,b2eb9a72-2d95-4e15-9d7f-d51400b23eb3,SN-47F2B3CE
5.6,2025-05-11 17:31:27,True,9.38,29.5,1299.4,4b18221a-a4e0-4861-99e3-2d854a457f34,SN-47F2B3CE
5.3,2025-05-11 17:28:27,True,9.37,29.5,1350.5,e1426617-6fd9-4234-84af-4de6f0fb1359,SN-47F2B3CE
6.3,2025-05-11 17:33:33,True,9.38,29.5,1289.3,c700803d-6792-491f-9c2c-7ce70a2e19b6,SN-47F2B3CE
5.0,2025-05-11 17:24:17,True,9.37,29.4,1324.7,bcc35b06-3ee8-4304-ad8b-f2e8da89a579,SN-47F2B3CE
7.1,2025-05-11 17:38:08,True,9.38,29.4,1274.5,b51e5020-d4db-483e-aafa-3423364d1546,SN-47F2B3CE
4.0,2025-05-11 17:18:31,True,9.37,29.5,1345.3,4bfc2dd9-0b4a-4653-a4e3-d8e488ee9518,SN-47F2B3CE
5.9,2025-05-11 17:31:51,True,9.38,29.5,1299.4,156b3be5-8f76-493c-a609-183b00639e10,SN-47F2B3CE
4.6,2025-05-11 17:20:31,True,9.37,29.5,1345.3,4de6dcbb-7c22-467e-ba58-ee44f8dd7713,SN-47F2B3CE
3.7,2025-05-11 17:13:42,True,9.37,29.6,1350.5,3636b819-5b34-4599-bb10-673ecfb7f18d,SN-47F2B3CE
6.2,2025-05-11 17:32:01,True,9.38,29.4,1299.4,225b1d54-72b6-4d20-9f2f-9a4a48ec6feb,SN-47F2B3CE
6.3,2025-05-11 17:33:19,True,9.38,29.4,1289.3,b293f84c-9b63-460b-b226-4588cb456499,SN-47F2B3CE
6.2,2025-05-11 17:36:40,True,9.39,29.5,1274.5,2f202d11-de9f-4498-a5b5-53bbe5f49909,SN-47F2B3CE
6.2,2025-05-11 17:35:09,True,9.39,29.5,1279.4,63e0803f-960f-4e79-9765-4f93fb772f93,SN-47F2B3CE
6.5,2025-05-11 17:38:33,True,9.39,29.5,1274.5,6bcfa467-b9d3-415b-ad37-425199032824,SN-47F2B3CE
4.6,2025-05-11 17:19:37,True,9.37,29.5,1345.3,a5413d10-7637-4bd5-aeca-40236434039e,SN-47F2B3CE
7.7,2025-05-11 17:40:35,True,9.39,29.5,1284.4,cb7ae0d9-e337-4279-a02d-7014fd562a40,SN-47F2B3CE
7.0,2025-05-11 17:40:00,True,9.38,29.4,1284.4,6ce68ba7-ecfd-47db-9cbe-714e2fd09ad3,SN-47F2B3CE
10.8,2025-05-11 17:04:43,True,9.39,29.6,1289.3,22d07e33-8eee-4529-a78c-f70e8e6c4fe4,SN-47F2B3CE
5.2,2025-05-11 17:28:03,True,9.37,29.5,1345.3,6b22e8ef-5222-43fd-9b3f-194e3896f3aa,SN-47F2B3CE
5.3,2025-05-11 17:28:07,True,9.37,29.5,1345.3,5f8c31d0-4516-4b39-bcf4-f93323614e82,SN-47F2B3CE
5.9,2025-05-11 17:30:35,True,9.38,29.4,1299.4,ee55085f-33f9-4297-91fa-2df20d1fc9db,SN-47F2B3CE
4.8,2025-05-11 17:23:49,True,9.37,29.4,1319.6,cadc1ad3-6be7-44d0-83af-cd9a29974851,SN-47F2B3CE
7.6,2025-05-11 17:42:08,True,9.38,29.4,1274.5,d885fb6c-bfc8-466e-b89a-288a7d9ab4b5,SN-47F2B3CE
6.3,2025-05-11 17:35:53,True,9.39,29.5,1279.4,8da01d27-5a3a-4dfc-ada4-5f66303cac24,SN-47F2B3CE
5.3,2025-05-11 17:27:51,True,9.37,29.5,1340.1,d4bcede7-cc52-4dc7-96eb-089f8d404622,SN-47F2B3CE
6.3,2025-05-11 17:35:17,True,9.39,29.5,1279.4,6dbfc47e-2356-4a09-9205-a31904a9ae20,SN-47F2B3CE
7.0,2025-05-11 17:37:12,True,9.38,29.4,1274.5,8286a27c-bc3c-4ac9-8302-92863a0ee58a,SN-47F2B3CE
5.0,2025-05-11 17:23:01,True,9.37,29.4,1324.7,e50599ea-c37c-4a3e-9708-3ee7599d8b37,SN-47F2B3CE
4.4,2025-05-11 17:21:55,True,9.37,29.4,1340.1,db584838-5a56-416b-b594-c9451edab7d1,SN-47F2B3CE
9.9,2025-05-11 17:04:39,True,9.49,29.5,927.5,eea795d7-8345-4d0c-a522-41a78171bebd,SN-47F2B3CE
9.6,2025-05-11 17:03:41,True,9.76,30.3,229.2,32587ab6-c210-4743-8217-26254275e4fe,SN-47F2B3CE
5.2,2025-05-11 17:27:55,True,9.37,29.5,1345.3,4094a8ab-910e-4dda-951c-4723cfc273d7,SN-47F2B3CE
4.9,2025-05-11 17:23:25,True,9.38,29.5,1299.4,07dcfef4-ae58-477b-96a7-a2ba41fc33a3,SN-47F2B3CE
5.2,2025-05-11 17:28:19,True,9.37,29.5,1345.3,d7b8299a-5062-4d9e-a0fa-69d0af8a694c,SN-47F2B3CE
4.9,2025-05-11 17:24:43,True,9.38,29.5,1314.5,7cfad9c9-2188-4501-8a17-2cf089f5ed5d,SN-47F2B3CE
4.6,2025-05-11 17:13:50,True,9.37,29.6,1350.5,42e16b2e-1483-4fa9-87ac-b4b3d0f949ec,SN-47F2B3CE
7.9,2025-05-11 17:40:04,True,9.38,29.4,1284.4,cb433cd1-ec79-4630-b6ca-619bf3e6cc81,SN-47F2B3CE
6.0,2025-05-11 17:32:13,True,9.38,29.4,1294.3,75b57978-d842-4aac-806e-ba2e1b6f52e8,SN-47F2B3CE
7.5,2025-05-11 17:41:18,True,9.38,29.4,1279.4,7ed1234e-7215-43b6-b770-dddf53e93c84,SN-47F2B3CE
4.9,2025-05-11 17:26:51,True,9.36,29.5,1371.4,b9f23546-f251-49f1-b49f-524b4ca21ea9,SN-47F2B3CE
4.8,2025-05-11 17:15:07,True,9.37,29.5,1345.3,ddc965f4-6753-4173-8f19-26c59eddb649,SN-47F2B3CE
5.9,2025-05-11 17:31:59,True,9.38,29.5,1299.4,51025e0c-665b-4d00-a051-1978f1bc6249,SN-47F2B3CE
4.8,2025-05-11 17:26:11,True,9.36,29.5,1376.7,e3f7593e-948f-4dd4-bbe2-5d756aa5d7a2,SN-47F2B3CE
4.8,2025-05-11 17:22:09,True,9.37,29.4,1329.8,a594e504-ccf1-4a5a-a0b4-689167ad90e9,SN-47F2B3CE
5.0,2025-05-11 17:23:23,True,9.38,29.4,1299.4,8bf338de-ff04-4cdb-9023-04eb9936527c,SN-47F2B3CE
9.2,2025-05-11 17:04:19,True,9.58,29.7,650.9,7fb7167b-6721-46e1-9523-bb1def5b7b6e,SN-47F2B3CE
5.8,2025-05-11 17:33:49,True,9.39,29.5,1284.4,be2434b1-c51e-4f31-beaf-92cd3170a0d2,SN-47F2B3CE
4.8,2025-05-11 17:25:51,True,9.36,29.5,1371.4,f1f05f34-673c-4a2c-bab3-b725a96e1eb5,SN-47F2B3CE
7.4,2025-05-11 17:39:48,True,9.38,29.4,1274.5,3b6e721b-0a4b-4454-a903-792760af6312,SN-47F2B3CE
8.1,2025-05-11 17:40:28,True,9.38,29.4,1284.4,006d2efc-0296-47fb-8a2d-95d9eb76a00f,SN-47F2B3CE
4.1,2025-05-11 17:14:01,True,9.37,29.6,1350.5,9c7807dc-c784-477c-ae73-c2b5f926462e,SN-47F2B3CE
4.7,2025-05-11 17:23:15,True,9.38,29.4,1299.4,3b977ae5-3adc-4147-b244-893834faaf1f,SN-47F2B3CE
9.1,2025-05-11 17:03:45,True,9.72,29.9,246.1,b6998c97-6121-4244-b025-25aed126ddde,SN-47F2B3CE
5.0,2025-05-11 17:20:37,True,9.37,29.5,1345.3,555ce9f0-1ac7-44fb-820a-9c306d02f6a0,SN-47F2B3CE
10.2,2025-05-11 17:04:25,True,9.58,29.7,650.9,08c1f122-d100-4b4d-abcb-de60cdec9de8,SN-47F2B3CE
6.2,2025-05-11 17:32:39,True,9.38,29.5,1294.3,78f0a107-241d-402b-a1b2-833128361f29,SN-47F2B3CE
4.4,2025-05-11 17:18:37,True,9.37,29.5,1345.3,665aa33a-36b1-4a42-a47e-4501db469bb3,SN-47F2B3CE
7.1,2025-05-11 17:41:46,True,9.38,29.4,1284.4,5d93193f-9ab4-451b-99cb-0949091c9b9c,SN-47F2B3CE
5.0,2025-05-11 17:27:13,True,9.36,29.5,1371.4,02a2cfa4-b47d-4754-9cbd-b658fb0dead9,SN-47F2B3CE
4.9,2025-05-11 17:22:43,True,9.37,29.4,1335.0,6f72081a-b885-416a-a5fd-18dfe9fdd2b3,SN-47F2B3CE
4.4,2025-05-11 17:16:33,True,9.37,29.5,1345.3,e2386afd-d1f2-4b76-9c20-ef88745f3381,SN-47F2B3CE
7.4,2025-05-11 17:39:58,True,9.39,29.5,1284.4,26397932-5fdf-49d1-9f98-eab39d2cd28c,SN-47F2B3CE
6.6,2025-05-11 17:38:47,True,9.39,29.5,1274.5,8d523f0b-0ad0-4c9e-b734-1c64ae143aee,SN-47F2B3CE
5.3,2025-05-11 17:28:41,True,9.37,29.5,1350.5,4688fb5c-b611-464c-9530-ecf2a0eff3db,SN-47F2B3CE
4.5,2025-05-11 17:25:17,True,9.37,29.5,1335.0,d78a7a96-61ab-4b3e-84b3-7f099ff22ce2,SN-47F2B3CE
4.9,2025-05-11 17:19:43,True,9.37,29.5,1345.3,dbe8e122-b422-4585-9413-c489d82ad500,SN-47F2B3CE
4.3,2025-05-11 17:15:27,True,9.37,29.5,1345.3,d14f24c0-ced5-4e64-8885-449f07cdeae8,SN-47F2B3CE
4.6,2025-05-11 17:21:39,True,9.37,29.5,1335.0,1ba55db1-0115-4e88-97f1-5d9e5f59f885,SN-47F2B3CE
4.8,2025-05-11 17:23:51,True,9.37,29.4,1324.7,6e357470-3684-4c77-b314-05f723d0061f,SN-47F2B3CE
4.6,2025-05-11 17:23:07,True,9.38,29.4,1299.4,d5180eda-7cd9-4284-bfe2-4e2f90564152,SN-47F2B3CE
4.3,2025-05-11 17:15:33,True,9.37,29.5,1345.3,c0d28316-6695-480d-8c44-0b2f4da58121,SN-47F2B3CE
5.3,2025-05-11 17:20:59,True,9.37,29.4,1324.7,9c070d05-22cf-485a-8681-79a2b558bc82,SN-47F2B3CE
7.4,2025-05-11 17:42:28,True,9.38,29.4,1279.4,5f6c8970-8e62-4c78-b342-e7fdb8b437ad,SN-47F2B3CE
5.7,2025-05-11 17:29:15,True,9.37,29.4,1324.7,b28f14d2-8df1-402b-9c4f-8cd6c10afb7f,SN-47F2B3CE
7.1,2025-05-11 17:42:18,True,9.38,29.4,1274.5,7d0cbf34-f984-4bba-a920-e7dbed28f10f,SN-47F2B3CE
5.9,2025-05-11 17:31:15,True,9.38,29.5,1299.4,c1b6d95d-7425-4afe-b293-d6d570c490ae,SN-47F2B3CE
4.8,2025-05-11 17:21:03,True,9.37,29.4,1324.7,5df42d7a-6304-411f-a746-8a5b05d5f63e,SN-47F2B3CE
4.3,2025-05-11 17:14:23,True,9.37,29.5,1345.3,3838b987-3ae7-4765-82f6-2033ca7d407b,SN-47F2B3CE
4.8,2025-05-11 17:23:43,True,9.38,29.5,1314.5,de122f45-3142-4576-a592-db0667f66e1c,SN-47F2B3CE
4.1,2025-05-11 17:14:00,True,9.37,29.5,1350.5,aa76839b-d3c3-4392-b68f-91edeaff3d06,SN-47F2B3CE
5.5,2025-05-11 17:28:13,True,9.37,29.5,1345.3,2e538cfc-36fd-4b75-9b25-638f9e83ca7c,SN-47F2B3CE
4.6,2025-05-11 17:20:35,True,9.37,29.5,1345.3,c3038df9-b5cc-43f1-bd00-779a722edcee,SN-47F2B3CE
6.3,2025-05-11 17:33:35,True,9.38,29.4,1289.3,c6d3d92a-7d72-407f-a544-f0df0153271f,SN-47F2B3CE
5.9,2025-05-11 17:32:07,True,9.38,29.4,1299.4,8f47daaa-c7ce-4562-917d-4054f45d4c1b,SN-47F2B3CE
5.2,2025-05-11 17:20:43,True,9.36,29.4,1350.5,b8d457c5-ff14-4199-9a21-a3a2ca8030de,SN-47F2B3CE
7.5,2025-05-11 17:41:20,True,9.39,29.5,1279.4,2ebde921-1365-4b36-9539-220ba2d8df73,SN-47F2B3CE
4.5,2025-05-11 17:16:39,True,9.37,29.5,1345.3,0d160169-84b9-4fd6-84a1-6cf0eb9fdae1,SN-47F2B3CE
5.1,2025-05-11 17:24:21,True,9.38,29.5,1319.6,89ec5597-1765-4721-a13d-c863b92ddabe,SN-47F2B3CE
5.9,2025-05-11 17:33:31,True,9.38,29.5,1289.3,7fdab433-6238-4d2a-8295-63f6b4f82d49,SN-47F2B3CE
4.7,2025-05-11 17:17:05,True,9.37,29.5,1345.3,838bb23b-cea6-4622-a84d-11416daedba8,SN-47F2B3CE
4.3,2025-05-11 17:16:23,True,9.37,29.5,1345.3,5a6a0d35-ccb5-4910-81e0-e5e9da169955,SN-47F2B3CE
10.2,2025-05-11 17:04:33,True,9.57,29.5,650.9,db3a64f6-4cad-401a-89e6-6d0a206e14a7,SN-47F2B3CE
7.6,2025-05-11 17:40:20,True,9.39,29.5,1284.4,2d18fc1a-d130-4174-acef-b833bd40c302,SN-47F2B3CE
7.5,2025-05-11 17:41:44,True,9.38,29.4,1284.4,21967971-1824-4cab-b70f-bfbf4829d4ff,SN-47F2B3CE
6.3,2025-05-11 17:33:15,True,9.38,29.4,1289.3,b64dea46-6db4-487c-b47a-0d5f18ba0d06,SN-47F2B3CE
4.5,2025-05-11 17:16:45,True,9.37,29.5,1345.3,548657bc-10bb-4248-8e2d-d48dc93c0608,SN-47F2B3CE
4.6,2025-05-11 17:23:21,True,9.38,29.4,1299.4,fcda3a45-776e-492b-b25d-19bace1656a7,SN-47F2B3CE
5.3,2025-05-11 17:28:25,True,9.37,29.5,1345.3,f11e770d-32cb-4300-bbfb-9ffdc6cd9013,SN-47F2B3CE
5.0,2025-05-11 17:23:03,True,9.38,29.5,1319.6,cabf4908-7aa3-4066-bdf6-580601345924,SN-47F2B3CE
4.6,2025-05-11 17:19:51,True,9.36,29.4,1345.3,a477f863-12d7-477b-93eb-b1872a5bac42,SN-47F2B3CE
5.9,2025-05-11 17:31:45,True,9.38,29.4,1299.4,2d0fc776-970b-4415-bdb8-2c6c0a47f94a,SN-47F2B3CE
6.0,2025-05-11 17:32:21,True,9.38,29.4,1294.3,aa29503d-6517-4a83-a412-c0e543cb3cc2,SN-47F2B3CE
6.5,2025-05-11 17:32:33,True,9.38,29.4,1294.3,78af5d12-ceb5-4c02-95b2-bc1c7cc153c3,SN-47F2B3CE
4.8,2025-05-11 17:25:11,True,9.37,29.5,1324.7,a3a7bfe4-d20a-4c05-bca2-e3df3922c373,SN-47F2B3CE
6.6,2025-05-11 17:37:34,True,9.39,29.5,1274.5,b6dd752e-dc9d-4ec8-8c3d-67317af77841,SN-47F2B3CE
6.3,2025-05-11 17:36:05,True,9.39,29.5,1279.4,7cceb75a-afa6-485c-a7ba-6e53d6d3072b,SN-47F2B3CE
6.2,2025-05-11 17:32:45,True,9.38,29.4,1294.3,470efc59-bf56-4b7b-8c29-970132f43f23,SN-47F2B3CE
4.7,2025-05-11 17:21:27,True,9.37,29.4,1329.8,bebe9d5f-2710-41d3-9e1a-419f13ddfead,SN-47F2B3CE
5.7,2025-05-11 17:29:51,True,9.38,29.5,1314.5,16a7814e-ced6-40fb-ad4e-cd892a5da4ac,SN-47F2B3CE
4.3,2025-05-11 17:22:03,True,9.37,29.4,1329.8,ec44fbd4-d2aa-4ee3-aaad-4939132095e4,SN-47F2B3CE
7.2,2025-05-11 17:41:48,True,9.39,29.5,1284.4,48c4a534-a490-443e-8ed2-67e7906e2e31,SN-47F2B3CE
5.7,2025-05-11 17:29:09,True,9.37,29.5,1345.3,45de83dd-6bb8-474f-96d1-5d2e34aa767f,SN-47F2B3CE
5.1,2025-05-11 17:24:15,True,9.37,29.5,1324.7,65a24819-b2cd-4a91-879f-8db7371ef268,SN-47F2B3CE
7.4,2025-05-11 17:41:32,True,9.38,29.4,1279.4,7bc91feb-2c2f-4b1f-83d8-9b0a851f6132,SN-47F2B3CE
5.1,2025-05-11 17:22:23,True,9.37,29.4,1329.8,1672a474-92e8-4863-89cb-cb1ca467d6f7,SN-47F2B3CE
4.3,2025-05-11 17:17:43,True,9.37,29.5,1345.3,40da45a5-137b-4706-a6a4-c42fba1ef81b,SN-47F2B3CE
4.8,2025-05-11 17:22:41,True,9.37,29.5,1335.0,9522f28a-b452-4e4d-80a4-241b150ad95d,SN-47F2B3CE
5.9,2025-05-11 17:31:05,True,9.38,29.4,1299.4,97b22580-46f6-4d00-9073-9989a03d115c,SN-47F2B3CE
5.9,2025-05-11 17:31:43,True,9.38,29.4,1299.4,4fc60468-4300-43ff-be35-2a925e8c9b65,SN-47F2B3CE
6.2,2025-05-11 17:36:38,True,9.38,29.4,1274.5,2b90cbfe-7700-4928-88ca-d5fea4eab7a9,SN-47F2B3CE
4.8,2025-05-11 17:17:11,True,9.37,29.5,1345.3,8e9f1eae-7aeb-4a68-8106-9b2cdde9b666,SN-47F2B3CE
6.0,2025-05-11 17:35:57,True,9.38,29.4,1279.4,f572fe1c-98b7-4063-93df-8624874e763e,SN-47F2B3CE
4.7,2025-05-11 17:23:53,True,9.37,29.5,1324.7,6dcdb1a8-eb16-4f3d-81cd-5e9e056cc077,SN-47F2B3CE
5.2,2025-05-11 17:27:39,True,9.37,29.5,1340.1,eeb88b26-12af-47a0-b7f6-03b3de9193da,SN-47F2B3CE
5.7,2025-05-11 17:29:17,True,9.37,29.4,1319.6,9e3eb280-9a52-424d-82cc-34fdbb3dba12,SN-47F2B3CE
5.9,2025-05-11 17:30:33,True,9.38,29.5,1304.4,caa0c9ae-f19f-471b-a2cf-59a172fcb988,SN-47F2B3CE
7.9,2025-05-11 17:41:42,True,9.38,29.4,1284.4,6522d2a5-1560-41e8-b901-835d328538c0,SN-47F2B3CE
6.3,2025-05-11 17:35:43,True,9.39,29.5,1279.4,bbc9ef00-12d0-4319-88d6-06b7d1a410a5,SN-47F2B3CE
6.5,2025-05-11 17:37:42,True,9.38,29.4,1274.5,42e8ee58-9a8e-47ef-8f34-54fe75780f7f,SN-47F2B3CE
9.9,2025-05-11 17:04:45,True,9.38,29.5,1294.3,b90c9922-1d3d-4ce8-b04b-8c22ca4b8890,SN-47F2B3CE
3.5,2025-05-11 17:13:32,True,9.36,29.5,1360.9,c29dcd32-9209-46c8-b072-917e4b9e34e1,SN-47F2B3CE
6.2,2025-05-11 17:32:53,True,9.38,29.5,1294.3,de80e8a7-659a-4f2d-8ef2-c2350888da54,SN-47F2B3CE
6.4,2025-05-11 17:36:46,True,9.39,29.5,1274.5,af78652a-b06f-4c02-84c4-00cbf3470035,SN-47F2B3CE
4.6,2025-05-11 17:19:49,True,9.37,29.5,1345.3,f4f3cd6a-2ae7-46a6-a63a-d737ce63d95f,SN-47F2B3CE
4.5,2025-05-11 17:19:13,True,9.37,29.5,1340.1,d8544588-478e-42b2-a75c-d7df299b3edd,SN-47F2B3CE
5.9,2025-05-11 17:31:53,True,9.38,29.5,1299.4,a634658f-b4a0-4e9f-bebf-21fc0bde3421,SN-47F2B3CE
6.0,2025-05-11 17:30:53,True,9.38,29.4,1299.4,968fe18a-c6eb-49be-872e-d5ce445b2e7b,SN-47F2B3CE
6.3,2025-05-11 17:33:29,True,9.38,29.4,1289.3,7e9b6c89-aa9f-441b-a5c7-49b76efb8c12,SN-47F2B3CE
9.6,2025-05-11 17:03:37,True,9.8,30.8,213.9,e9913396-cb02-4688-b5b3-7d131bd16d31,SN-47F2B3CE
4.5,2025-05-11 17:15:09,True,9.37,29.5,1345.3,cccdda3a-cdc5-4901-852c-61449f391208,SN-47F2B3CE
5.3,2025-05-11 17:22:49,True,9.37,29.4,1335.0,29f18f3f-ea8d-459e-b5eb-614f44ddc522,SN-47F2B3CE
5.7,2025-05-11 17:30:03,True,9.38,29.5,1314.5,4b9c5ca6-2fd8-4ebd-bda8-3eee84100f88,SN-47F2B3CE
5.2,2025-05-11 17:21:05,True,9.37,29.4,1324.7,343963ef-c05c-4c84-bf32-b0f58bef4fa1,SN-47F2B3CE
6.3,2025-05-11 17:36:13,True,9.38,29.4,1279.4,c22f39e7-d455-4c85-b705-384c1b47935e,SN-47F2B3CE
4.8,2025-05-11 17:25:21,True,9.37,29.5,1340.1,995fa64c-5908-46e1-9324-a9abbcf628d4,SN-47F2B3CE
4.7,2025-05-11 17:22:19,True,9.37,29.4,1329.8,b74c448d-b85d-4ff4-84de-2cf921b227b1,SN-47F2B3CE
4.9,2025-05-11 17:28:35,True,9.37,29.5,1350.5,f9cbb68e-e6dd-442a-b693-aa2e78746d82,SN-47F2B3CE
3.7,2025-05-11 17:13:04,True,9.39,29.6,1299.4,4a47584a-3f4e-4b8d-8173-421ebee96044,SN-47F2B3CE
5.7,2025-05-11 17:29:57,True,9.38,29.5,1314.5,cd1c991d-67c7-4217-bc5c-33955967b68f,SN-47F2B3CE
7.5,2025-05-11 17:03:23,True,9.8,30.7,212.2,1e2a12f0-fbf6-4d75-a4e4-8c11618488f3,SN-47F2B3CE
8.0,2025-05-11 17:42:14,True,9.38,29.4,1274.5,bf7821dc-ca1a-4671-aad2-1c9ecf70026e,SN-47F2B3CE
7.2,2025-05-11 17:40:26,True,9.38,29.4,1284.4,b02be99e-2151-4eaa-b718-d691488df857,SN-47F2B3CE
4.9,2025-05-11 17:26:29,True,9.36,29.5,1371.4,d1c8cd29-9c75-4098-8cd9-90a0abfcd687,SN-47F2B3CE
4.4,2025-05-11 17:18:09,True,9.37,29.5,1345.3,73156f26-baca-4403-90e3-42aba837e72c,SN-47F2B3CE
4.5,2025-05-11 17:19:17,True,9.37,29.4,1340.1,3c68b9a7-d528-4d6a-8e7e-14a5989262cb,SN-47F2B3CE
4.1,2025-05-11 17:18:21,True,9.37,29.5,1345.3,a9240a02-a14b-4bcc-af3f-9a849c2b8830,SN-47F2B3CE
6.3,2025-05-11 17:38:45,True,9.38,29.4,1274.5,ef0e63dc-1a44-47ee-9e69-d66a2438c7e7,SN-47F2B3CE
4.4,2025-05-11 17:14:59,True,9.37,29.5,1345.3,8c26a902-e8b6-47b7-8cc1-248788d0c333,SN-47F2B3CE
6.7,2025-05-11 17:39:01,True,9.39,29.5,1274.5,9cc47f81-59ad-47d3-8090-9d4b1efc8caf,SN-47F2B3CE
5.9,2025-05-11 17:30:59,True,9.38,29.4,1299.4,6ef919e8-ad5b-4dfc-a0bc-a43a7e017253,SN-47F2B3CE
5.9,2025-05-11 17:31:57,True,9.38,29.4,1299.4,f47212e0-537d-4f5b-ad2a-3e14cd9198cb,SN-47F2B3CE
7.7,2025-05-11 17:39:38,True,9.38,29.4,1274.5,b8719d24-5886-4684-a24d-6cdd54022cfd,SN-47F2B3CE
5.7,2025-05-11 17:29:31,True,9.38,29.5,1314.5,16490f9a-acfa-4da6-8ad6-13312bd5ad7b,SN-47F2B3CE
6.4,2025-05-11 17:35:49,True,9.39,29.5,1279.4,5b1a84f2-122e-496f-bd0c-083059cfb23d,SN-47F2B3CE
4.0,2025-05-11 17:18:55,True,9.37,29.5,1345.3,f1193f57-de9a-44a2-a6df-2173fa169e15,SN-47F2B3CE
10.4,2025-05-11 17:04:35,True,9.58,29.6,650.9,35b8b8b1-efbe-4371-a367-437ea12aa681,SN-47F2B3CE
6.3,2025-05-11 17:35:59,True,9.39,29.5,1279.4,5705779d-c5db-42a8-8219-63a3a22a49ed,SN-47F2B3CE
5.7,2025-05-11 17:29:11,True,9.37,29.5,1340.1,c9d79f26-5be9-4ee2-8a5b-64b648579eca,SN-47F2B3CE
6.3,2025-05-11 17:36:36,True,9.39,29.5,1279.4,f08e353f-b76f-4526-83e4-a10434ece468,SN-47F2B3CE
5.8,2025-05-11 17:30:13,True,9.38,29.5,1314.5,c100f86e-7803-472e-bead-f2832f017cf1,SN-47F2B3CE
7.0,2025-05-11 17:40:16,True,9.38,29.4,1284.4,65241db7-6a23-497f-a09a-6448f518a803,SN-47F2B3CE
6.7,2025-05-11 17:38:20,True,9.38,29.4,1274.5,829ec426-389c-4d07-b905-e0718fcda60b,SN-47F2B3CE
4.6,2025-05-11 17:15:29,True,9.37,29.5,1345.3,6ef595d3-ae79-47fa-969f-6a97bec03d27,SN-47F2B3CE
3.9,2025-05-11 17:15:21,True,9.37,29.5,1345.3,fcaf7992-3845-4ba9-9d0a-1e899c5bafae,SN-47F2B3CE
6.2,2025-05-11 17:33:59,True,9.38,29.4,1284.4,4decb217-7f25-471a-81e3-12bfa413068b,SN-47F2B3CE
5.9,2025-05-11 17:31:37,True,9.38,29.5,1299.4,db083d4c-f2b5-4f1a-b146-ae24c9aa4bac,SN-47F2B3CE
6.2,2025-05-11 17:32:47,True,9.38,29.4,1294.3,3c386a95-9508-49c5-b2d3-837ec4b1cad3,SN-47F2B3CE
4.4,2025-05-11 17:14:19,True,9.37,29.5,1350.5,5651a096-710d-457f-bcc9-abc6a303ceb7,SN-47F2B3CE
7.8,2025-05-11 17:42:30,True,9.38,29.4,1279.4,0534deb6-d586-473e-82de-0c472a2708dc,SN-47F2B3CE
7.4,2025-05-11 17:40:12,True,9.39,29.5,1284.4,3b029886-1f6e-461a-885c-f65e23df9f69,SN-47F2B3CE
4.4,2025-05-11 17:22:29,True,9.37,29.4,1329.8,a60afd6a-50bd-41c1-855c-55d6c9cff90e,SN-47F2B3CE
4.4,2025-05-11 17:15:13,True,9.37,29.5,1345.3,7b0dc4a9-ff79-4a76-90b4-b3ff92f19457,SN-47F2B3CE
6.2,2025-05-11 17:32:51,True,9.38,29.4,1294.3,24f77efe-f146-4989-acda-662b16315d08,SN-47F2B3CE
4.6,2025-05-11 17:23:19,True,9.38,29.4,1299.4,cc7f2cd6-757c-47f7-8d26-f5a68db06ac7,SN-47F2B3CE
4.9,2025-05-11 17:26:59,True,9.36,29.5,1371.4,9288796d-365a-4f9a-8877-5e1ddd11e564,SN-47F2B3CE
4.3,2025-05-11 17:14:35,True,9.37,29.5,1345.3,c8bb665e-4740-4f1e-a53b-08e70a6bc9eb,SN-47F2B3CE
6.2,2025-05-11 17:36:15,True,9.39,29.5,1279.4,591ae45e-3f32-48b6-aa59-5e67e3df3ecd,SN-47F2B3CE
9.3,2025-05-11 17:04:05,True,9.59,29.8,645.6,6f9011a9-b170-40b1-93f8-f8466c4452fb,SN-47F2B3CE
5.0,2025-05-11 17:24:01,True,9.37,29.5,1329.8,782381ee-20cc-4939-83c0-4e65c4fd8dce,SN-47F2B3CE
4.8,2025-05-11 17:26:21,True,9.36,29.5,1371.4,862e6f57-60da-42ce-891b-9bfff6d8c1d9,SN-47F2B3CE
7.1,2025-05-11 17:38:37,True,9.38,29.4,1274.5,90dd308d-a034-4c24-9f01-333f9652dfe4,SN-47F2B3CE
5.5,2025-05-11 17:28:33,True,9.37,29.5,1350.5,91fd3425-4c4c-483b-8f5f-13f2d3a7bf71,SN-47F2B3CE
4.4,2025-05-11 17:14:39,True,9.37,29.5,1345.3,9c8f5055-4094-4291-b10c-d45c3a766682,SN-47F2B3CE
4.3,2025-05-11 17:15:31,True,9.37,29.5,1345.3,fbf12980-a9a3-4055-820f-44174de5218f,SN-47F2B3CE
4.4,2025-05-11 17:18:41,True,9.37,29.5,1345.3,9f15bcbf-c8f1-4f95-a613-d19e65d6109f,SN-47F2B3CE
7.1,2025-05-11 17:38:04,True,9.38,29.4,1274.5,aec61b9e-c7f7-4296-893b-05646c9b6e5d,SN-47F2B3CE
4.5,2025-05-11 17:19:47,True,9.37,29.5,1345.3,cb38e63e-7b22-4d73-a7bc-c5a95b31744b,SN-47F2B3CE
6.8,2025-05-11 17:37:38,True,9.38,29.4,1274.5,2fda429b-5803-4f1c-a54f-582687af9b80,SN-47F2B3CE
5.2,2025-05-11 17:22:31,True,9.37,29.5,1329.8,b77650ee-3e5a-4e38-8dc6-9561ae9b3b9d,SN-47F2B3CE
7.1,2025-05-11 17:38:26,True,9.39,29.5,1274.5,548850bf-0b12-462d-bda5-e89ac2e5359c,SN-47F2B3CE
7.9,2025-05-11 17:41:40,True,9.38,29.4,1279.4,25cd0d5b-b29f-48c1-ab9d-eba41b56c6b2,SN-47F2B3CE
6.5,2025-05-11 17:37:06,True,9.39,29.5,1274.5,0534e43c-4960-4a8b-8047-53b5764fae3c,SN-47F2B3CE
3.8,2025-05-11 17:14:09,True,9.37,29.5,1350.5,82aa6b18-6493-47d2-b62d-8e0a6f9e6723,SN-47F2B3CE
5.3,2025-05-11 17:28:45,True,9.37,29.5,1350.5,dc7c6d82-35ff-4480-85dd-a718634d4214,SN-47F2B3CE
6.2,2025-05-11 17:35:31,True,9.39,29.5,1279.4,282841a7-827f-4a79-993b-4ca79a765fc2,SN-47F2B3CE
4.8,2025-05-11 17:14:43,True,9.37,29.6,1345.3,415091a2-6d15-4713-99a2-8837439fe5f0,SN-47F2B3CE
6.8,2025-05-11 17:36:11,True,9.38,29.4,1279.4,491da275-0827-4285-8c0d-ce09b4967e0a,SN-47F2B3CE
4.4,2025-05-11 17:16:53,True,9.37,29.5,1345.3,6e2b236b-2ddd-4e33-b773-a43907d92ac9,SN-47F2B3CE
6.9,2025-05-11 17:39:33,True,9.38,29.4,1274.5,aefeb21f-4d66-4a89-8232-a83b62de1f85,SN-47F2B3CE
4.3,2025-05-11 17:18:01,True,9.37,29.5,1345.3,7f24f7ff-80f0-45c1-9ea0-d6ce4cf84dcc,SN-47F2B3CE
4.6,2025-05-11 17:20:27,True,9.37,29.5,1345.3,f9267641-d546-49d0-b3ff-4e7b557f4255,SN-47F2B3CE
4.2,2025-05-11 17:21:41,True,9.37,29.4,1335.0,d33f6a4f-c7fc-4dd3-840f-f8bfba7331ac,SN-47F2B3CE
5.0,2025-05-11 17:24:57,True,9.38,29.5,1319.6,5eac4069-0a92-4d09-a217-cf742daa8372,SN-47F2B3CE
5.0,2025-05-11 17:24:25,True,9.37,29.4,1314.5,b1b29ff8-28ba-4d4f-a498-a58bae4280dd,SN-47F2B3CE
4.6,2025-05-11 17:20:08,True,9.37,29.5,1345.3,2ec2f142-b755-448d-b994-41d6e90c0931,SN-47F2B3CE
9.4,2025-05-11 17:03:43,True,9.73,30.1,244.4,a8be9ae8-7bb9-47c3-9a12-70af159bdbfc,SN-47F2B3CE
7.5,2025-05-11 17:42:42,True,9.39,29.5,1279.4,6ba162aa-8343-42d6-95c9-a3e865f4e3b0,SN-47F2B3CE
5.9,2025-05-11 17:32:11,True,9.38,29.5,1294.3,5844745d-b2af-4c09-bbe5-518b9b84cc4f,SN-47F2B3CE
5.8,2025-05-11 17:30:19,True,9.38,29.5,1314.5,a29258ac-775d-49a2-8fab-02dd2ddb7dae,SN-47F2B3CE
6.3,2025-05-11 17:34:39,True,9.39,29.5,1279.4,d69db306-9eb1-4356-9d90-900de4713e4b,SN-47F2B3CE
8.1,2025-05-11 17:40:32,True,9.38,29.4,1284.4,d5664cbe-07e7-496c-9536-d49601bc09da,SN-47F2B3CE
7.0,2025-05-11 17:37:58,True,9.38,29.4,1274.5,951f0415-f2f9-48f3-99de-a1c4e70c954f,SN-47F2B3CE
4.4,2025-05-11 17:26:27,True,9.36,29.5,1371.4,2bc685b4-d494-40ba-8bec-81a5bc3037d0,SN-47F2B3CE
4.2,2025-05-11 17:17:51,True,9.37,29.5,1345.3,5d1f9e6c-9eda-4d5a-a832-6505a0fc7569,SN-47F2B3CE
4.9,2025-05-11 17:26:17,True,9.36,29.5,1371.4,f30810ab-d9a3-48c2-b20e-fa8cb9a2ba88,SN-47F2B3CE
6.1,2025-05-11 17:37:10,True,9.38,29.4,1274.5,6727fefe-2d5f-4180-88e7-838f5d248573,SN-47F2B3CE
4.9,2025-05-11 17:26:43,True,9.36,29.5,1376.7,1e21022d-ce98-48e8-9c93-b26a910a9523,SN-47F2B3CE
7.5,2025-05-11 17:03:25,True,9.8,30.7,212.2,8df8f705-4ef9-4f8f-b61f-02855078b512,SN-47F2B3CE
5.7,2025-05-11 17:29:39,True,9.37,29.4,1314.5,4e8979b1-5eea-42fd-bb7a-12510406831a,SN-47F2B3CE
4.4,2025-05-11 17:16:35,True,9.37,29.5,1345.3,41a9b66f-78e9-4931-95b6-7332a1734b6e,SN-47F2B3CE
4.7,2025-05-11 17:14:13,True,9.37,29.5,1350.5,268e458a-69c1-4234-93c5-a45d1bb18b96,SN-47F2B3CE
4.4,2025-05-11 17:18:19,True,9.37,29.5,1345.3,917cec2a-594d-4f25-a2ce-e0e867c2b112,SN-47F2B3CE
4.4,2025-05-11 17:15:11,True,9.37,29.5,1345.3,72a9df70-3aab-442b-ba8c-5866a01d7eae,SN-47F2B3CE
4.9,2025-05-11 17:24:13,True,9.37,29.4,1329.8,f82107a6-9b28-4790-8e1f-2970c628cee2,SN-47F2B3CE
7.2,2025-05-11 17:40:30,True,9.39,29.5,1284.4,866fcd0f-1580-4aac-bec2-fb1578799fff,SN-47F2B3CE
6.1,2025-05-11 17:30:15,True,9.37,29.4,1314.5,8059b72e-7cff-43c1-b9d7-b4932b4a00c0,SN-47F2B3CE
7.3,2025-05-11 17:41:04,True,9.39,29.5,1284.4,5abf5283-4023-4266-bf88-3c7655f1eb32,SN-47F2B3CE
6.2,2025-05-11 17:33:01,True,9.38,29.4,1289.3,3f1ca089-40e4-43e4-a5df-740b78b59597,SN-47F2B3CE
6.4,2025-05-11 17:39:23,True,9.39,29.5,1274.5,2dd8cc64-a92f-48b1-9113-6f3fdb060aa2,SN-47F2B3CE
6.2,2025-05-11 17:33:45,True,9.38,29.4,1284.4,a564f148-3fad-4205-a6f9-12af89481fea,SN-47F2B3CE
4.6,2025-05-11 17:19:39,True,9.37,29.5,1345.3,fef0289b-7572-48f3-a648-47633a3730f4,SN-47F2B3CE
4.4,2025-05-11 17:13:26,True,9.36,29.5,1360.9,e88ea210-7986-486b-8501-f6507bdbeb21,SN-47F2B3CE
4.7,2025-05-11 17:21:31,True,9.37,29.4,1335.0,0b54be66-cbce-43cb-875f-99872c4b8078,SN-47F2B3CE
4.4,2025-05-11 17:15:05,True,9.37,29.5,1345.3,684d95fe-9fce-416c-9c10-a5c6c1c2a5a9,SN-47F2B3CE
5.0,2025-05-11 17:24:31,True,9.37,29.4,1309.4,68371abb-2487-4c1a-963e-0519b5b30c41,SN-47F2B3CE
4.6,2025-05-11 17:19:31,True,9.37,29.5,1345.3,c657b52f-f327-48c6-be1f-d040fc424cf2,SN-47F2B3CE
7.0,2025-05-11 17:38:16,True,9.38,29.4,1274.5,357f488a-77a5-4d1b-bc9c-4604fd037ab5,SN-47F2B3CE
4.4,2025-05-11 17:16:51,True,9.37,29.5,1345.3,0544e93d-9b9f-4953-9516-379a1139e5c0,SN-47F2B3CE
5.6,2025-05-11 17:28:59,True,9.37,29.5,1350.5,be5dfe74-cdea-4877-831e-5da9374dbb96,SN-47F2B3CE
5.9,2025-05-11 17:32:03,True,9.38,29.5,1299.4,204311b2-1cf7-4720-a3a7-644a8f344389,SN-47F2B3CE
4.8,2025-05-11 17:22:37,True,9.37,29.5,1335.0,8b84f692-e2f1-4824-94ea-62c85d9d6917,SN-47F2B3CE
4.6,2025-05-11 17:19:29,True,9.37,29.5,1345.3,726bb39c-135e-4f2a-8048-3b8d4a5c0f97,SN-47F2B3CE
4.3,2025-05-11 17:15:17,True,9.37,29.5,1345.3,a698212f-676d-44eb-b59f-48c36ea701d1,SN-47F2B3CE
7.4,2025-05-11 17:41:38,True,9.39,29.5,1279.4,2b91a9f0-9f46-4b37-82c5-1241e66bd30a,SN-47F2B3CE
4.3,2025-05-11 17:15:55,True,9.37,29.5,1345.3,016e0796-180a-4fbf-956f-592ed5b28370,SN-47F2B3CE
6.8,2025-05-11 17:34:41,True,9.38,29.4,1279.4,30a8db39-2eb6-482c-a730-3cb18c4c7261,SN-47F2B3CE
5.9,2025-05-11 17:31:09,True,9.38,29.4,1299.4,babc61dd-8f04-4572-a366-3a0dee25b88b,SN-47F2B3CE
4.4,2025-05-11 17:21:07,True,9.37,29.4,1324.7,59507a9f-d106-4e21-a7e9-6972bb51c565,SN-47F2B3CE
3.9,2025-05-11 17:15:25,True,9.37,29.5,1345.3,ff3ff6fc-31dc-4332-84eb-3a2d0118b3b6,SN-47F2B3CE
7.6,2025-05-11 17:42:20,True,9.38,29.4,1274.5,821f8e88-8948-442b-9254-e6306cb16d77,SN-47F2B3CE
6.3,2025-05-11 17:33:37,True,9.38,29.4,1289.3,bc017745-0516-4048-9e63-49ef28485116,SN-47F2B3CE
4.3,2025-05-11 17:17:07,True,9.37,29.5,1345.3,39cf42d5-ef18-4458-a14a-643ff888406b,SN-47F2B3CE
5.0,2025-05-11 17:24:39,True,9.38,29.5,1309.4,fa3484a7-7deb-42b2-9817-cf6b84c007e5,SN-47F2B3CE
7.4,2025-05-11 17:40:06,True,9.39,29.5,1284.4,540487f1-1159-49b5-999a-21e2044dd439,SN-47F2B3CE
5.9,2025-05-11 17:31:31,True,9.38,29.4,1299.4,d2e4e82d-394b-41f5-84b4-830c5f46ac15,SN-47F2B3CE
5.9,2025-05-11 17:33:25,True,9.38,29.4,1289.3,cc67f9aa-4118-42c4-ab42-3dcda41e726d,SN-47F2B3CE
5.3,2025-05-11 17:28:29,True,9.37,29.5,1350.5,e687ec12-cc88-40b0-b35c-cf0211581394,SN-47F2B3CE
5.2,2025-05-11 17:27:21,True,9.36,29.4,1371.4,5d6d1fb1-cf79-4bba-830f-054f913a9408,SN-47F2B3CE
6.4,2025-05-11 17:38:06,True,9.39,29.5,1274.5,9a3d88e9-4e59-4c5f-8104-7381b9027564,SN-47F2B3CE
6.3,2025-05-11 17:35:55,True,9.38,29.4,1279.4,22ddcaf5-34c1-4613-b597-15371e5a6e42,SN-47F2B3CE
5.8,2025-05-11 17:30:17,True,9.37,29.4,1314.5,66745267-50ee-4af9-81f0-904d54ac2d2d,SN-47F2B3CE
4.9,2025-05-11 17:27:05,True,9.36,29.5,1371.4,6d4a025c-6454-4f4a-9413-a0b48592558e,SN-47F2B3CE
5.2,2025-05-11 17:28:01,True,9.37,29.5,1345.3,2b1fa85a-561f-40b7-8e52-7ede2912e6cb,SN-47F2B3CE
6.3,2025-05-11 17:36:34,True,9.38,29.4,1279.4,777d21d1-6cd3-406f-ad47-3e42a8dd36c9,SN-47F2B3CE
4.7,2025-05-11 17:25:43,True,9.36,29.5,1366.2,3653957a-e855-4770-9c92-e2213b61698c,SN-47F2B3CE
5.3,2025-05-11 17:25:01,True,9.37,29.5,1324.7,32b6074e-fbc1-461e-a94d-db3717211228,SN-47F2B3CE
7.1,2025-05-11 17:39:09,True,9.39,29.5,1274.5,607b14a7-ae5f-41fc-b03d-6d0ed04829c6,SN-47F2B3CE
4.3,2025-05-11 17:17:57,True,9.37,29.5,1345.3,2dafe51a-7839-4412-ad6d-12dc17122b01,SN-47F2B3CE
4.2,2025-05-11 17:13:02,True,9.39,29.6,1299.4,6086ff75-3fc8-4100-aa91-cf961655062b,SN-47F2B3CE
4.9,2025-05-11 17:25:03,True,9.37,29.4,1324.7,2342d439-7904-42d2-b010-1cc9ab50a848,SN-47F2B3CE
4.8,2025-05-11 17:26:25,True,9.36,29.5,1371.4,1f9eca0f-cea2-42ef-9ac1-57832179065e,SN-47F2B3CE
5.6,2025-05-11 17:29:07,True,9.37,29.5,1345.3,b034f785-0153-45f6-9cc6-94963177b625,SN-47F2B3CE
6.2,2025-05-11 17:33:57,True,9.38,29.4,1284.4,5b3d31b2-efbf-45be-8a99-6b2d6e81a2c7,SN-47F2B3CE
6.4,2025-05-11 17:38:49,True,9.38,29.4,1274.5,f5d0d07a-6d99-4736-aac5-6e08dd7964cf,SN-47F2B3CE
7.1,2025-05-11 17:42:10,True,9.38,29.4,1274.5,650c773e-5533-4d4e-9d26-7594c67785f9,SN-47F2B3CE
4.3,2025-05-11 17:17:59,True,9.37,29.5,1345.3,485b5a76-360f-432b-87ec-58f1916d063d,SN-47F2B3CE
3.8,2025-05-11 17:13:18,True,9.36,29.5,1355.7,26be6a14-5b31-4fc9-bf14-059cab181347,SN-47F2B3CE
4.6,2025-05-11 17:20:39,True,9.36,29.4,1350.5,6fc9de83-2f72-4ff9-8e2a-0bdb48db9f39,SN-47F2B3CE
6.3,2025-05-11 17:36:48,True,9.39,29.5,1274.5,83510fb5-35de-4d63-9191-16e763d9c614,SN-47F2B3CE
6.3,2025-05-11 17:33:39,True,9.39,29.5,1284.4,aebb3baa-cd3b-45d6-b16a-d298e31c30de,SN-47F2B3CE
4.7,2025-05-11 17:20:09,True,9.37,29.5,1345.3,24b4b9ad-d9e6-46e1-b955-397ee2fd4bef,SN-47F2B3CE
5.2,2025-05-11 17:24:29,True,9.37,29.4,1309.4,c0e2df32-4f10-4f5f-9f39-73d92b7c1836,SN-47F2B3CE
4.5,2025-05-11 17:23:31,True,9.38,29.4,1304.4,c930aef1-ca0e-4dfe-8ba2-7191946a9f78,SN-47F2B3CE
4.6,2025-05-11 17:19:35,True,9.36,29.4,1345.3,08d956e1-312e-4c28-b1c8-132ba0f7d164,SN-47F2B3CE
6.3,2025-05-11 17:35:37,True,9.39,29.5,1279.4,83e6ee65-3442-4ac5-9dd9-9b42d1c75a09,SN-47F2B3CE
6.3,2025-05-11 17:33:23,True,9.38,29.4,1289.3,2fb220f6-ebb0-48c6-bc43-b6b53f10a964,SN-47F2B3CE
8.1,2025-05-11 17:42:04,True,9.38,29.4,1279.4,4b4a00c4-19bf-41f8-9698-929ef947b935,SN-47F2B3CE
6.7,2025-05-11 17:38:22,True,9.39,29.5,1274.5,9cf79de2-8be2-4cc5-95a0-aeb43cff9ed0,SN-47F2B3CE
6.2,2025-05-11 17:36:21,True,9.39,29.5,1279.4,588929fb-5b6b-47d6-bcaa-ef3b2d8f50ac,SN-47F2B3CE
7.2,2025-05-11 17:39:36,True,9.38,29.4,1274.5,7aab2350-8a7a-43af-ae61-df80e5e728af,SN-47F2B3CE
4.9,2025-05-11 17:18:49,True,9.37,29.5,1345.3,e8ecb922-1dd0-4a5a-b8b9-1741243ea9aa,SN-47F2B3CE
7.0,2025-05-11 17:41:26,True,9.39,29.5,1279.4,0614e377-44ad-4fa6-8b1f-31ffb236248a,SN-47F2B3CE
4.3,2025-05-11 17:17:47,True,9.37,29.5,1345.3,512b4485-41ca-4493-96ff-77638ab14fcf,SN-47F2B3CE
6.6,2025-05-11 17:36:29,True,9.38,29.4,1279.4,10adac49-a572-4dfa-9f3a-0c72f4bd3863,SN-47F2B3CE
9.6,2025-05-11 17:04:31,True,9.58,29.6,650.9,8c99d66c-a20b-451e-87e9-48c96336e1f8,SN-47F2B3CE
6.1,2025-05-11 17:29:55,True,9.38,29.5,1314.5,6401f186-4d9a-4fa7-826c-2f87d2bfca3f,SN-47F2B3CE
6.7,2025-05-11 17:39:15,True,9.39,29.5,1274.5,d9f42500-b468-4a79-852f-3c432937faee,SN-47F2B3CE
6.7,2025-05-11 17:38:14,True,9.39,29.5,1274.5,25f08e2b-8b5c-4037-bb9d-4021af159028,SN-47F2B3CE
6.6,2025-05-11 17:37:56,True,9.38,29.4,1274.5,2d96f630-4dfd-4776-9d44-2ed0b26467f8,SN-47F2B3CE
5.0,2025-05-11 17:28:47,True,9.37,29.5,1350.5,7ca71d6f-5895-4b64-b312-de72adf4146c,SN-47F2B3CE
7.9,2025-05-11 17:41:30,True,9.38,29.4,1279.4,c03c0c01-724d-4726-9f65-f5befc4d1d92,SN-47F2B3CE
4.4,2025-05-11 17:16:59,True,9.37,29.5,1345.3,6bb15ca9-882f-4149-a4fc-3e1235243720,SN-47F2B3CE
5.7,2025-05-11 17:32:31,True,9.38,29.4,1294.3,359c7b94-bb7f-4e8b-92b8-ad1aeb76df7b,SN-47F2B3CE
7.9,2025-05-11 17:40:08,True,9.38,29.4,1284.4,4606ca9c-5dcf-4ffe-85b3-17e67009e3cb,SN-47F2B3CE
6.3,2025-05-11 17:34:17,True,9.38,29.4,1284.4,3e406296-cb66-4065-9d1f-f04277413ada,SN-47F2B3CE
6.4,2025-05-11 17:33:28,True,9.38,29.4,1289.3,5215a870-3f1a-4ef3-89e4-45455936577e,SN-47F2B3CE
7.5,2025-05-11 17:42:46,True,9.38,29.4,1279.4,be02bcde-7499-4422-a585-e75bba61b1e2,SN-47F2B3CE
5.8,2025-05-11 17:31:41,True,9.38,29.4,1299.4,6cf2a875-1962-4d0e-9bc5-cb066c21ee88,SN-47F2B3CE
6.1,2025-05-11 17:32:23,True,9.38,29.5,1294.3,60a45036-7674-462d-9c84-02fc071abf1d,SN-47F2B3CE
4.4,2025-05-11 17:18:43,True,9.37,29.5,1345.3,8a9d335a-0fe3-45a0-a9bf-053cd23faa66,SN-47F2B3CE
4.3,2025-05-11 17:15:37,True,9.37,29.5,1345.3,1c5f43cd-2a8a-4aac-b658-9801b1bd0745,SN-47F2B3CE
6.8,2025-05-11 17:35:47,True,9.39,29.5,1279.4,679a4cbd-0926-4ed6-8946-74dd5311f914,SN-47F2B3CE
6.3,2025-05-11 17:35:21,True,9.39,29.5,1279.4,a3dfffeb-a3ac-4b6a-a670-131573fa19e2,SN-47F2B3CE
5.2,2025-05-11 17:21:19,True,9.37,29.4,1324.7,003cc43c-5261-4a64-a5bb-cc4467964f62,SN-47F2B3CE
9.5,2025-05-11 17:03:47,True,9.72,29.9,246.1,3f1f3a2d-e4f7-4217-a515-fe3bae5cb2b8,SN-47F2B3CE
7.2,2025-05-11 17:41:06,True,9.38,29.4,1284.4,d4a7d1ab-83d4-47ea-ba36-1dd762374656,SN-47F2B3CE
8.0,2025-05-11 17:41:52,True,9.38,29.4,1284.4,18fa962d-dc40-43df-85fe-40b2fb71219c,SN-47F2B3CE
7.5,2025-05-11 17:42:26,True,9.38,29.4,1274.5,a87fe698-8018-483a-86aa-cb66dc874a59,SN-47F2B3CE
9.7,2025-05-11 17:04:51,True,9.38,29.5,1294.3,01c1f3eb-95f1-4b2a-9dec-1d9c24a53d3a,SN-47F2B3CE
5.9,2025-05-11 17:31:39,True,9.38,29.4,1299.4,ef115b78-c594-4b4d-a240-9436899fdf9c,SN-47F2B3CE
5.3,2025-05-11 17:28:39,True,9.37,29.5,1350.5,f5d5fadc-055b-42cd-bf28-bbcbed4443a6,SN-47F2B3CE
6.2,2025-05-11 17:38:00,True,9.39,29.5,1274.5,d3a25055-bf68-4e92-9da3-9b2d972a3b6d,SN-47F2B3CE
6.7,2025-05-11 17:39:19,True,9.38,29.4,1274.5,d080e241-78f6-40f7-90f3-2f2e25b6dcc2,SN-47F2B3CE
4.3,2025-05-11 17:22:17,True,9.37,29.4,1329.8,c9d4d34c-b096-4037-91b9-74ab2d7e1acb,SN-47F2B3CE
4.3,2025-05-11 17:15:19,True,9.37,29.5,1345.3,9b799412-4cdf-4735-a7b2-4d1c1993bab4,SN-47F2B3CE
4.8,2025-05-11 17:23:39,True,9.38,29.5,1314.5,a3c56a09-9626-4f9f-bf82-42a3de1e90a7,SN-47F2B3CE
5.2,2025-05-11 17:27:47,True,9.37,29.5,1340.1,12a132a2-0ea2-4b92-a851-df4a9d5905b1,SN-47F2B3CE
5.3,2025-05-11 17:25:07,True,9.37,29.4,1324.7,1b964e06-a8cc-4bf4-949e-39f77b599d47,SN-47F2B3CE
9.6,2025-05-11 17:04:27,True,9.58,29.6,650.9,751e78d6-bfcd-40ae-8e1d-2b791ceaf590,SN-47F2B3CE
6.7,2025-05-11 17:38:18,True,9.39,29.5,1274.5,28f0e8cd-427f-4f2c-9604-d66d2275b5be,SN-47F2B3CE
4.9,2025-05-11 17:24:41,True,9.38,29.5,1314.5,7b3c85c7-a9f9-4051-88c6-041ccc69cfc9,SN-47F2B3CE
4.3,2025-05-11 17:21:49,True,9.37,29.4,1340.1,ed030a06-29e2-45d6-b294-d91bdb8e9f80,SN-47F2B3CE
4.7,2025-05-11 17:25:55,True,9.36,29.5,1371.4,b47d4354-afb9-45b2-94cd-229cb180ee93,SN-47F2B3CE
7.9,2025-05-11 17:40:58,True,9.38,29.4,1279.4,c5e5c775-cccc-4b6e-b638-f454aeb581b6,SN-47F2B3CE
6.0,2025-05-11 17:32:15,True,9.38,29.4,1294.3,6e547c75-3349-49b1-a85d-3d856fdec95a,SN-47F2B3CE
6.6,2025-05-11 17:32:59,True,9.38,29.5,1289.3,2fe549ca-6180-4844-b482-d264b542e37e,SN-47F2B3CE
5.0,2025-05-11 17:21:33,True,9.37,29.5,1335.0,b7f599e3-ae5e-4a45-baca-a8582ff475de,SN-47F2B3CE
4.9,2025-05-11 17:26:39,True,9.36,29.5,1376.7,0ce84af2-a8f4-4341-aac5-6db3bd831294,SN-47F2B3CE
4.4,2025-05-11 17:18:35,True,9.37,29.5,1345.3,59200772-1db6-458a-9b2d-eccd439ab514,SN-47F2B3CE
7.6,2025-05-11 17:41:58,True,9.39,29.5,1279.4,79020cb0-818c-4fd6-85e3-ddb21b3675c6,SN-47F2B3CE
4.2,2025-05-11 17:13:48,True,9.37,29.6,1350.5,d22c168d-5aa2-4101-b3de-5cd683a785e0,SN-47F2B3CE
7.3,2025-05-11 17:40:36,True,9.38,29.4,1284.4,4797818d-a8ce-44d4-aa2a-ec5a2112f6b2,SN-47F2B3CE
4.5,2025-05-11 17:25:57,True,9.36,29.5,1376.7,00380464-4bcf-4ad0-84d9-59885339041f,SN-47F2B3CE
3.5,2025-05-11 17:13:30,True,9.36,29.5,1360.9,1c5dd00e-efbf-4af5-bbc3-8bec11bc7f9c,SN-47F2B3CE
4.9,2025-05-11 17:23:57,True,9.37,29.4,1329.8,ea9cfa00-c2b5-4539-8863-c634068f64a4,SN-47F2B3CE
5.5,2025-05-11 17:28:51,True,9.37,29.5,1350.5,67f4a788-a5e0-4343-8994-e9f230aa2e41,SN-47F2B3CE
9.1,2025-05-11 17:04:17,True,9.58,29.7,650.9,18d068ca-2b65-4df8-8fff-3d0ba7818cce,SN-47F2B3CE
4.8,2025-05-11 17:20:47,True,9.36,29.4,1350.5,dde49b93-6501-4789-8705-7a6895f22120,SN-47F2B3CE
6.2,2025-05-11 17:33:51,True,9.39,29.5,1284.4,19280b3e-523d-4bbd-95a2-62772055247b,SN-47F2B3CE
6.3,2025-05-11 17:34:13,True,9.39,29.5,1284.4,139237e7-2815-4be9-8af3-9cfd5e0ae84a,SN-47F2B3CE
6.1,2025-05-11 17:32:29,True,9.38,29.4,1294.3,f3c6429c-8085-49b9-85df-76ab8782a56f,SN-47F2B3CE
4.7,2025-05-11 17:25:31,True,9.37,29.5,1345.3,bb8db34e-d22d-437a-ac81-32fcae48b357,SN-47F2B3CE
4.3,2025-05-11 17:17:03,True,9.37,29.5,1345.3,0403a3e0-b49b-4c4c-a90f-8cd5d650cf3e,SN-47F2B3CE
7.5,2025-05-11 17:42:32,True,9.38,29.4,1279.4,51ea0f73-7c8f-4bb2-9550-aaaa6e22da23,SN-47F2B3CE
4.4,2025-05-11 17:20:45,True,9.37,29.5,1350.5,42385ed8-82ff-4bcf-a888-4e7ea0fe12f6,SN-47F2B3CE
4.3,2025-05-11 17:18:05,True,9.37,29.5,1345.3,2c217fef-766f-4f3f-8fa5-69a16ab59348,SN-47F2B3CE
4.9,2025-05-11 17:25:05,True,9.37,29.5,1324.7,4cd73abe-97e2-4831-98d6-925d7184b680,SN-47F2B3CE
4.8,2025-05-11 17:26:19,True,9.36,29.5,1371.4,15ec6ca3-bf84-44b4-9f00-c9578e7d89aa,SN-47F2B3CE
5.7,2025-05-11 17:29:35,True,9.37,29.4,1314.5,244be5c6-a773-49ad-9297-01d3fd34532e,SN-47F2B3CE
5.7,2025-05-11 17:30:07,True,9.37,29.4,1314.5,4533fbea-32d1-4085-836e-d472585e1d1e,SN-47F2B3CE
4.3,2025-05-11 17:17:19,True,9.37,29.5,1345.3,13ea3558-6c23-4da2-afa7-9ae7be5914e2,SN-47F2B3CE
6.4,2025-05-11 17:36:52,True,9.39,29.4,1269.5,4be60885-0097-4b33-8379-b59d217aefa7,SN-47F2B3CE
7.4,2025-05-11 17:41:28,True,9.39,29.5,1279.4,c0c6e08c-787b-4c7e-a056-ae7394faea70,SN-47F2B3CE
4.3,2025-05-11 17:17:45,True,9.37,29.5,1345.3,0693611e-db0b-4cd6-b776-8a610aeeba04,SN-47F2B3CE
4.2,2025-05-11 17:14:03,True,9.37,29.5,1350.5,1719a408-0956-4cd4-95dc-536169434fd6,SN-47F2B3CE
7.5,2025-05-11 17:42:48,True,9.38,29.4,1279.4,782d9a1b-4c8f-4f5a-91b9-c3e716485818,SN-47F2B3CE
6.0,2025-05-11 17:32:17,True,9.38,29.4,1294.3,eb58d359-ef83-4f90-97ef-b1c998967d8c,SN-47F2B3CE
4.6,2025-05-11 17:20:41,True,9.37,29.5,1350.5,cbd6a312-183b-430b-a374-8eef965b4dc8,SN-47F2B3CE
4.7,2025-05-11 17:25:59,True,9.36,29.5,1376.7,49c5a56c-d400-4610-934b-6cc1219fb567,SN-47F2B3CE
4.7,2025-05-11 17:20:11,True,9.37,29.5,1345.3,6215a96e-8f39-406b-9f2f-f13375d6cbdc,SN-47F2B3CE
4.5,2025-05-11 17:23:35,True,9.37,29.4,1309.4,1e3621ae-3c16-461f-bcf1-3eb73d3af01d,SN-47F2B3CE
5.2,2025-05-11 17:26:47,True,9.36,29.5,1376.7,11920332-e402-43cf-8786-4682efdb17f2,SN-47F2B3CE
4.3,2025-05-11 17:17:23,True,9.37,29.5,1345.3,26d8fd9f-a0a8-4ca1-87f6-7565467c3805,SN-47F2B3CE
4.8,2025-05-11 17:26:05,True,9.36,29.5,1376.7,326bccdd-036d-4010-8b13-cd104646844f,SN-47F2B3CE
5.9,2025-05-11 17:32:05,True,9.38,29.5,1299.4,cbe13873-b0ab-4607-ab64-55765b92b845,SN-47F2B3CE
7.8,2025-05-11 17:03:19,True,9.8,30.7,212.2,cb4fec62-340f-47a7-be90-9eb0b1befe7e,SN-47F2B3CE
4.5,2025-05-11 17:19:07,True,9.37,29.5,1345.3,b9ce7ba3-6c18-4a40-85f9-53430e29bda1,SN-47F2B3CE
4.3,2025-05-11 17:17:53,True,9.37,29.5,1345.3,171e48fc-429d-4bc4-a0ba-bf776de4988c,SN-47F2B3CE
4.4,2025-05-11 17:16:43,True,9.37,29.5,1345.3,58c57e38-52d9-4e14-8469-305871800be7,SN-47F2B3CE
5.2,2025-05-11 17:27:29,True,9.36,29.5,1366.2,deb654ab-52fd-4d78-a1c0-afff693a279f,SN-47F2B3CE
4.6,2025-05-11 17:21:37,True,9.37,29.4,1335.0,94857401-8f78-46a4-8427-45c5c45fb803,SN-47F2B3CE
5.2,2025-05-11 17:27:25,True,9.36,29.5,1366.2,4d8ba592-5982-4a02-9109-9d21b75425dc,SN-47F2B3CE
4.7,2025-05-11 17:22:21,True,9.37,29.4,1329.8,4d8f3a15-31bb-4ddf-bbc3-49fd6b49a50f,SN-47F2B3CE
3.9,2025-05-11 17:15:53,True,9.37,29.5,1345.3,ac2086c3-3fbd-44e1-b966-97744586afa1,SN-47F2B3CE
6.7,2025-05-11 17:38:51,True,9.39,29.5,1274.5,086fd733-0adc-46b9-a4b0-e03fb4a05d3f,SN-47F2B3CE
6.3,2025-05-11 17:33:21,True,9.38,29.5,1289.3,d570ee67-ee34-4042-8759-a05c01dff24a,SN-47F2B3CE
7.3,2025-05-11 17:42:34,True,9.38,29.4,1279.4,aaed7b97-0736-412d-be00-eafa7affa784,SN-47F2B3CE
4.3,2025-05-11 17:15:49,True,9.37,29.5,1345.3,1faf2ec7-b878-4a5b-9d6f-64a33d177227,SN-47F2B3CE
4.6,2025-05-11 17:20:29,True,9.36,29.4,1345.3,74b27f45-6fcc-4a3c-8630-cd9d257b1cbf,SN-47F2B3CE
4.9,2025-05-11 17:22:13,True,9.37,29.5,1329.8,33917706-89be-451c-933f-19cc6d7efbeb,SN-47F2B3CE
4.3,2025-05-11 17:16:29,True,9.37,29.5,1345.3,a7c6887f-b4f6-47c6-a425-57fea705e7a2,SN-47F2B3CE
4.3,2025-05-11 17:14:21,True,9.37,29.6,1345.3,09bc1635-2898-4285-8678-72b5b7ce9549,SN-47F2B3CE
4.8,2025-05-11 17:14:47,True,9.37,29.5,1345.3,342f8d68-b5ef-4ecc-b8e2-fff60a219211,SN-47F2B3CE
4.3,2025-05-11 17:17:35,True,9.37,29.5,1345.3,1656c4be-40cb-4f6c-a4e4-c4421ff554b0,SN-47F2B3CE
8.0,2025-05-11 17:41:16,True,9.39,29.5,1279.4,47850629-70af-4773-b2f9-5114b4d710b4,SN-47F2B3CE
9.5,2025-05-11 17:04:13,True,9.58,29.7,650.9,2808d36c-ea6e-4263-9fea-45056c4fddab,SN-47F2B3CE
4.9,2025-05-11 17:26:45,True,9.36,29.5,1376.7,f5b0b56b-29da-4bc1-a4c6-e8cffd9649ee,SN-47F2B3CE
6.6,2025-05-11 17:38:12,True,9.39,29.5,1274.5,b4226b48-0837-40e3-b910-7b91307ef291,SN-47F2B3CE
4.4,2025-05-11 17:15:03,True,9.37,29.5,1345.3,74ca1c88-3f6f-4021-b1c1-cac03840fffb,SN-47F2B3CE
7.0,2025-05-11 17:39:44,True,9.39,29.5,1274.5,7ed3491e-515a-4c90-bc95-cf350a164881,SN-47F2B3CE
4.5,2025-05-11 17:20:55,True,9.36,29.4,1345.3,ed56ebfa-85b1-4a57-a4db-a28dfb17c826,SN-47F2B3CE
6.0,2025-05-11 17:31:21,True,9.38,29.4,1299.4,687b78ff-d274-4839-9d14-f6246f23485e,SN-47F2B3CE
7.6,2025-05-11 17:42:06,True,9.38,29.4,1279.4,6fcfd9f7-00c4-4d80-ba00-9d1c90abecb7,SN-47F2B3CE
5.9,2025-05-11 17:30:39,True,9.38,29.4,1299.4,97800b9e-9be5-4508-8009-56a200266fe2,SN-47F2B3CE
6.6,2025-05-11 17:37:48,True,9.38,29.4,1274.5,7631797c-7fe5-44c5-be7b-343200d8013a,SN-47F2B3CE
4.7,2025-05-11 17:25:23,True,9.37,29.5,1340.1,c04d361d-94bb-4268-a707-3be851f50a1a,SN-47F2B3CE
4.8,2025-05-11 17:26:23,True,9.36,29.5,1371.4,2c784580-9c59-4be5-bfdd-0fad00373ec8,SN-47F2B3CE
7.4,2025-05-11 17:41:24,True,9.38,29.4,1279.4,85f3f604-6d3a-42ba-8cb5-62af142cfde2,SN-47F2B3CE
5.9,2025-05-11 17:31:47,True,9.38,29.5,1299.4,37d20e03-318f-40d4-8bba-f596b088170d,SN-47F2B3CE
4.5,2025-05-11 17:19:09,True,9.37,29.5,1340.1,3161a6a4-31b6-4cc6-a426-34ccaf1a06da,SN-47F2B3CE
7.4,2025-05-11 17:39:46,True,9.39,29.5,1274.5,6fc50e60-ce3e-4f38-90e2-8b29f0084f7f,SN-47F2B3CE
4.7,2025-05-11 17:25:41,True,9.36,29.5,1360.9,a1c052a1-b209-48d8-9a5a-9a3fa5d7b560,SN-47F2B3CE
4.8,2025-05-11 17:22:33,True,9.37,29.4,1335.0,e704398d-482e-4921-9f17-fda52b162173,SN-47F2B3CE
5.7,2025-05-11 17:30:11,True,9.37,29.4,1314.5,942149a6-1d1b-41bf-aba8-43ceae1c8886,SN-47F2B3CE
6.2,2025-05-11 17:32:49,True,9.38,29.5,1294.3,2a8fe77e-5b50-4a73-b77f-791cb9bdcf0d,SN-47F2B3CE
5.3,2025-05-11 17:29:41,True,9.38,29.5,1314.5,df8d6d33-7e2b-45fa-b717-f559e548225c,SN-47F2B3CE
5.2,2025-05-11 17:22:39,True,9.37,29.4,1335.0,a3b1bb98-782f-45b8-81d1-f571370fd678,SN-47F2B3CE
7.6,2025-05-11 17:41:14,True,9.39,29.5,1279.4,79523ded-da71-49ed-bc58-f028fa3fdc4c,SN-47F2B3CE
7.4,2025-05-11 17:42:39,True,9.38,29.4,1279.4,a929f313-e22e-419e-bdb0-241071a8b0da,SN-47F2B3CE
4.4,2025-05-11 17:18:39,True,9.37,29.5,1345.3,97685bbd-42d6-4ae2-a3a6-fb6c8eb39d8b,SN-47F2B3CE
4.3,2025-05-11 17:14:33,True,9.37,29.5,1345.3,645f9995-a2a7-43cc-bfe3-335f1eb643bb,SN-47F2B3CE
7.2,2025-05-11 17:03:35,True,9.8,30.7,213.9,d2e6d76d-9099-485c-a783-eae066cd2df9,SN-47F2B3CE
5.9,2025-05-11 17:34:27,True,9.38,29.4,1279.4,ec1af3c1-ceae-4cbd-bb4c-e29a0783b196,SN-47F2B3CE
5.9,2025-05-11 17:30:49,True,9.38,29.5,1299.4,8c0b33bc-0dc0-40d2-8a5f-f2ee3213f7ea,SN-47F2B3CE
4.3,2025-05-11 17:15:45,True,9.37,29.5,1345.3,0b83d647-4ee1-436b-8b4f-82e9dac0aeb4,SN-47F2B3CE
4.3,2025-05-11 17:17:33,True,9.37,29.5,1345.3,9e52ffd0-2477-4d85-9533-caab41f98315,SN-47F2B3CE
9.7,2025-05-11 17:03:55,True,9.62,29.8,551.4,be528ac9-42dc-4655-8f6d-e80a866d27ad,SN-47F2B3CE
3.9,2025-05-11 17:15:35,True,9.37,29.5,1345.3,3cce2eca-23f2-4bb1-996d-b7e6b02e58b5,SN-47F2B3CE
5.1,2025-05-11 17:21:11,True,9.37,29.5,1324.7,15f9796e-24b6-4848-b207-563b150598c9,SN-47F2B3CE
3.9,2025-05-11 17:14:25,True,9.37,29.5,1345.3,dd1bee15-6b20-4cc2-92b7-53cec21ddc9d,SN-47F2B3CE
7.2,2025-05-11 17:41:50,True,9.39,29.5,1284.4,7d72f3af-5b4b-40b5-8c8a-0894c7e0328b,SN-47F2B3CE
9.8,2025-05-11 17:03:51,True,9.66,29.8,440.0,018593c2-9307-48d5-9220-9a14c66bc44c,SN-47F2B3CE
4.4,2025-05-11 17:21:51,True,9.37,29.5,1340.1,95ce7c80-2820-46b2-ad0c-9805c638da19,SN-47F2B3CE
7.9,2025-05-11 17:40:02,True,9.39,29.5,1284.4,f68c3e41-363c-4734-a693-a4a06b2e26c9,SN-47F2B3CE
6.3,2025-05-11 17:34:31,True,9.39,29.5,1279.4,c6411558-c4ba-4be9-a069-b34118ebe730,SN-47F2B3CE
7.8,2025-05-11 17:40:46,True,9.38,29.4,1284.4,d8293826-58b5-46aa-878c-16b156c22f7f,SN-47F2B3CE
4.6,2025-05-11 17:19:33,True,9.37,29.5,1345.3,27d4f5d1-16c6-48f3-9b74-b0b4611b6599,SN-47F2B3CE
3.9,2025-05-11 17:17:49,True,9.37,29.5,1345.3,d573a1c9-6abb-4fb5-8fac-aeab5239b04b,SN-47F2B3CE
6.4,2025-05-11 17:35:45,True,9.39,29.5,1279.4,5fc7fed7-29f4-47f0-b075-c672f7894956,SN-47F2B3CE
5.1,2025-05-11 17:24:19,True,9.37,29.4,1324.7,eb045be2-ea41-4c6b-a5cc-751ab05eff4d,SN-47F2B3CE
7.9,2025-05-11 17:41:22,True,9.38,29.4,1279.4,7a174fe7-1d95-4fd9-94f1-c421a5ddc090,SN-47F2B3CE
6.7,2025-05-11 17:38:53,True,9.39,29.5,1274.5,247bbc7c-870e-4020-93e3-9f8afdf78312,SN-47F2B3CE
4.6,2025-05-11 17:19:23,True,9.37,29.5,1340.1,361be4f7-58eb-42f0-a93d-4b7fcdcf34bb,SN-47F2B3CE
4.9,2025-05-11 17:23:27,True,9.38,29.4,1304.4,559608de-9bfb-4146-9254-de2527d16591,SN-47F2B3CE
4.0,2025-05-11 17:16:11,True,9.37,29.5,1345.3,965dd687-afe5-45d1-9d4d-9fb4dbeb53d7,SN-47F2B3CE
7.8,2025-05-11 17:40:42,True,9.38,29.4,1284.4,713e921f-d6d8-477d-8c7d-e9c528032b2a,SN-47F2B3CE
7.1,2025-05-11 17:38:59,True,9.39,29.5,1274.5,1d8288a7-5ecf-4864-8595-3a386f498eff,SN-47F2B3CE
4.5,2025-05-11 17:25:09,True,9.37,29.4,1324.7,521b6d4a-87ae-479c-a077-99b537be76b0,SN-47F2B3CE
6.3,2025-05-11 17:35:05,True,9.39,29.5,1279.4,8338a95a-d948-4a61-a617-b0a8570ff5ff,SN-47F2B3CE
4.2,2025-05-11 17:16:21,True,9.37,29.5,1345.3,d8724d6f-085f-4070-b740-1e7719af941f,SN-47F2B3CE
5.0,2025-05-11 17:21:45,True,9.37,29.4,1335.0,6c9ef275-3c16-4db3-9528-ea1d4669623f,SN-47F2B3CE
5.0,2025-05-11 17:24:55,True,9.38,29.5,1319.6,23fc6549-9084-49fe-9beb-ef339d88de5f,SN-47F2B3CE
6.3,2025-05-11 17:38:24,True,9.38,29.4,1274.5,21ff92c4-41bd-486c-a059-dce5badd9e18,SN-47F2B3CE
5.0,2025-05-11 17:24:03,True,9.37,29.5,1329.8,1e2380fb-3a4a-410b-a529-b27573915098,SN-47F2B3CE
4.4,2025-05-11 17:16:55,True,9.37,29.5,1345.3,abd711e5-2061-45f6-90d8-df735549bbe8,SN-47F2B3CE
5.2,2025-05-11 17:27:19,True,9.36,29.5,1371.4,ab085e37-e9c3-4681-9b88-46a01efe0c66,SN-47F2B3CE
6.7,2025-05-11 17:39:11,True,9.38,29.4,1274.5,19469768-2223-4deb-a6ea-26fb7f53d8c9,SN-47F2B3CE
4.3,2025-05-11 17:19:15,True,9.37,29.5,1340.1,a06741de-4d8a-4e5d-9946-29aa9ecdd295,SN-47F2B3CE
9.4,2025-05-11 17:04:29,True,9.58,29.6,650.9,552f8618-7a7e-41f2-9fad-eeadcd97c429,SN-47F2B3CE
4.3,2025-05-11 17:22:25,True,9.37,29.4,1329.8,0a6cd628-88a1-4b30-8a27-8d4a5b1b7e09,SN-47F2B3CE
4.3,2025-05-11 17:17:15,True,9.37,29.5,1345.3,b4eff2d7-733c-4351-941d-c4d317e7be01,SN-47F2B3CE
4.0,2025-05-11 17:17:13,True,9.37,29.5,1345.3,66a0c821-71ba-4b46-8094-19fdd390d37d,SN-47F2B3CE
6.2,2025-05-11 17:34:07,True,9.39,29.5,1284.4,0382afdd-eeb3-4b3c-83a5-56c0c1a8bcf8,SN-47F2B3CE
4.0,2025-05-11 17:18:15,True,9.37,29.5,1345.3,c9915376-61fa-4db5-85b7-daf826519694,SN-47F2B3CE
4.8,2025-05-11 17:25:47,True,9.36,29.5,1366.2,433920ba-64b8-4446-b8c1-c49d73bfe4b2,SN-47F2B3CE
6.3,2025-05-11 17:35:33,True,9.39,29.5,1279.4,ce0f3315-a876-4ef7-bf18-b48de7e060a4,SN-47F2B3CE
4.2,2025-05-11 17:20:01,True,9.37,29.4,1340.1,eff0e00c-fa44-4f20-a569-414d0f428a50,SN-47F2B3CE
6.2,2025-05-11 17:33:07,True,9.38,29.4,1289.3,44098f46-3060-4a24-96e1-3c1680a1dd19,SN-47F2B3CE
5.9,2025-05-11 17:30:57,True,9.38,29.4,1299.4,0089198a-231d-46f1-baf9-b5525e8ade7a,SN-47F2B3CE
7.9,2025-05-11 17:40:56,True,9.38,29.4,1284.4,2860c384-1907-4fc7-ae9b-732c07f37526,SN-47F2B3CE
6.3,2025-05-11 17:35:30,True,9.39,29.5,1279.4,fb65b1d3-6e2a-4f1d-8a4e-d241b8fdf96f,SN-47F2B3CE
9.9,2025-05-11 17:03:39,True,9.78,30.6,213.9,5568ad38-610a-4604-89f4-55d6ffa972a2,SN-47F2B3CE
4.4,2025-05-11 17:16:57,True,9.37,29.5,1345.3,b0e99386-f2f6-4198-9edc-f54f35408b20,SN-47F2B3CE
5.3,2025-05-11 17:29:47,True,9.38,29.5,1314.5,66d5d49f-17de-4d3c-82c7-4a196ed29aca,SN-47F2B3CE
5.2,2025-05-11 17:27:57,True,9.37,29.5,1345.3,ca701c13-009b-4b67-bb70-097362fb11ff,SN-47F2B3CE
7.7,2025-05-11 17:42:00,True,9.38,29.4,1279.4,c39e63a6-f53b-4ace-a9e7-a2dc68001050,SN-47F2B3CE
7.6,2025-05-11 17:42:40,True,9.39,29.5,1279.4,f82fdc4c-2b2c-42e2-9041-9ce08a7d56bb,SN-47F2B3CE
7.7,2025-05-11 17:39:54,True,9.39,29.5,1284.4,b9b442c2-1378-4896-97ce-cd11b36eef8a,SN-47F2B3CE
5.0,2025-05-11 17:24:49,True,9.38,29.5,1319.6,5d724a86-fca1-4cbe-9664-db67fa20ec49,SN-47F2B3CE
7.4,2025-05-11 17:40:40,True,9.38,29.4,1284.4,d338fa73-7f67-4f49-9497-64a449be6252,SN-47F2B3CE
4.3,2025-05-11 17:18:11,True,9.37,29.5,1345.3,d16c7a92-a595-4a86-a7e3-30ba875ffa0b,SN-47F2B3CE
6.2,2025-05-11 17:32:55,True,9.38,29.5,1294.3,f4bd2590-1376-4728-b567-20f1aa7c5f3f,SN-47F2B3CE
6.3,2025-05-11 17:35:35,True,9.39,29.5,1279.4,24e8950e-9cf7-4176-add1-088af91fa8f5,SN-47F2B3CE
4.3,2025-05-11 17:17:37,True,9.37,29.5,1345.3,79c045f3-724a-477a-a2f7-3febefeaf113,SN-47F2B3CE
3.2,2025-05-11 17:13:10,True,9.38,29.6,1309.4,0d51ca5e-f3d7-46a3-a422-39be45e8728b,SN-47F2B3CE
4.5,2025-05-11 17:15:15,True,9.37,29.5,1345.3,0b173c38-d3ee-43f6-8af5-7ac5506e0be7,SN-47F2B3CE
5.0,2025-05-11 17:20:21,True,9.37,29.5,1345.3,8c8e08c2-9524-42f6-b63d-b971502805a9,SN-47F2B3CE
4.3,2025-05-11 17:17:39,True,9.37,29.5,1345.3,c52ddff7-30a9-4c74-a462-9d71f9866eb3,SN-47F2B3CE
4.8,2025-05-11 17:26:37,True,9.36,29.5,1376.7,ef3abd65-7f58-4e92-a99c-6a092393b433,SN-47F2B3CE
6.7,2025-05-11 17:38:28,True,9.39,29.5,1274.5,ff4b39ac-7fb8-4232-98ba-308a2f715b34,SN-47F2B3CE
4.6,2025-05-11 17:13:46,True,9.37,29.6,1350.5,dbf68053-8e47-4630-9883-e7557d2c4608,SN-47F2B3CE
5.2,2025-05-11 17:21:35,True,9.37,29.4,1335.0,842e1809-fd61-4df6-ac07-22258caa0ef3,SN-47F2B3CE
6.4,2025-05-11 17:36:58,True,9.38,29.4,1274.5,f59932e3-6e63-44a7-a8b7-34a9507dcd33,SN-47F2B3CE
4.9,2025-05-11 17:20:49,True,9.36,29.4,1350.5,71cc824f-f20a-425e-8d3c-b27f2e3bed09,SN-47F2B3CE
4.6,2025-05-11 17:19:25,True,9.37,29.5,1340.1,3892c33b-703b-4a9b-8852-7792a7d1f23a,SN-47F2B3CE
6.2,2025-05-11 17:33:09,True,9.38,29.5,1289.3,5ebc77ac-a9ec-4cb1-ad34-242148381717,SN-47F2B3CE
4.3,2025-05-11 17:14:29,True,9.37,29.5,1345.3,a5e3abb9-b631-4b89-bb7b-5407715e587c,SN-47F2B3CE
4.9,2025-05-11 17:27:35,True,9.37,29.5,1340.1,73f52038-10a1-4baa-89a9-1bf72bf214de,SN-47F2B3CE
6.0,2025-05-11 17:30:47,True,9.38,29.5,1299.4,0689b53d-25e6-45f3-bbee-83b01bfd323a,SN-47F2B3CE
5.9,2025-05-11 17:31:35,True,9.38,29.4,1299.4,97ad1883-af11-46ad-86ed-2f41d3d9d08f,SN-47F2B3CE
9.4,2025-05-11 17:04:15,True,9.59,29.8,650.9,63948c4a-d288-42f5-a61d-2ebba511782d,SN-47F2B3CE
7.9,2025-05-11 17:40:48,True,9.39,29.5,1284.4,4bf4226c-9542-42eb-82d7-3ac35c34e481,SN-47F2B3CE
6.6,2025-05-11 17:38:35,True,9.38,29.4,1274.5,a3870364-ab77-4591-b71b-71dd7cb1eca8,SN-47F2B3CE
5.0,2025-05-11 17:23:29,True,9.38,29.4,1304.4,d73e222f-615f-4976-a39f-f12be1be2e0d,SN-47F2B3CE
5.8,2025-05-11 17:31:55,True,9.38,29.5,1299.4,ad515b6f-7e4c-445e-80b8-311207844d25,SN-47F2B3CE
4.4,2025-05-11 17:16:37,True,9.37,29.5,1345.3,11c571ee-e52f-4f78-a437-649aeee00357,SN-47F2B3CE
6.6,2025-05-11 17:35:23,True,9.39,29.5,1279.4,a8943304-f795-4c17-b25e-d4ba8ba8fe34,SN-47F2B3CE
5.3,2025-05-11 17:28:21,True,9.37,29.5,1345.3,322c8d46-6c55-48cf-876e-7bea12362daa,SN-47F2B3CE
6.3,2025-05-11 17:34:45,True,9.39,29.5,1279.4,61d3f2a4-6b2c-4400-a5b7-5f82ae19ccff,SN-47F2B3CE
7.8,2025-05-11 17:40:38,True,9.39,29.5,1284.4,657267f7-3f5b-42be-83e3-974ebb8c8490,SN-47F2B3CE
4.9,2025-05-11 17:19:06,True,9.37,29.5,1345.3,0cbd7168-fac4-4dac-8656-55f12dd82ad5,SN-47F2B3CE
7.7,2025-05-11 17:03:17,True,9.8,30.7,212.2,ed85dcd6-39b7-4b1a-b406-d880e8ee4cdd,SN-47F2B3CE
4.5,2025-05-11 17:18:51,True,9.37,29.5,1345.3,dde6c297-a796-440d-a443-c38379e49e31,SN-47F2B3CE
6.3,2025-05-11 17:39:13,True,9.39,29.5,1274.5,709a09ca-6f42-4f3e-98be-65a42d45f745,SN-47F2B3CE
6.2,2025-05-11 17:38:10,True,9.38,29.4,1274.5,16bc7b45-ead6-4e45-a0c7-168baa9e7fab,SN-47F2B3CE
4.0,2025-05-11 17:14:51,True,9.37,29.5,1345.3,f0ea30b0-b6fc-4e99-9a32-996b77720642,SN-47F2B3CE
4.4,2025-05-11 17:19:53,True,9.36,29.4,1345.3,748b8154-7615-4c87-9889-888512838035,SN-47F2B3CE
10.6,2025-05-11 17:04:47,True,9.39,29.6,1294.3,79dde476-c03a-4628-a423-e0f2f95ce8c6,SN-47F2B3CE
4.8,2025-05-11 17:26:49,True,9.36,29.5,1371.4,3630d09f-6b7b-4888-a5b3-bb434af1f05b,SN-47F2B3CE
5.9,2025-05-11 17:30:31,True,9.38,29.4,1304.4,2e335cb3-5df3-497b-a86e-99474a215917,SN-47F2B3CE
5.4,2025-05-11 17:28:53,True,9.37,29.5,1350.5,4d703905-5f34-4d05-94ad-0b409c7ee711,SN-47F2B3CE
6.0,2025-05-11 17:34:29,True,9.39,29.5,1279.4,57ae992f-1929-4339-9ce6-b53d37c8f5ae,SN-47F2B3CE
6.3,2025-05-11 17:35:15,True,9.38,29.4,1279.4,75fd5be0-56e1-4ff2-8774-3dcb2ac71944,SN-47F2B3CE
5.0,2025-05-11 17:24:51,True,9.37,29.4,1319.6,22073c1c-c8cb-4ac1-bc91-6b4888e9aecd,SN-47F2B3CE
8.9,2025-05-11 17:05:05,True,9.39,29.6,1294.3,0d133f50-2c09-47aa-bacf-b1d358c0b245,SN-47F2B3CE
5.9,2025-05-11 17:36:50,True,9.38,29.4,1274.5,82d02964-9579-4088-a433-472551da1f9a,SN-47F2B3CE
5.9,2025-05-11 17:32:09,True,9.38,29.5,1299.4,f915bec5-ebb8-4107-9ece-9815f129ee3d,SN-47F2B3CE
5.3,2025-05-11 17:27:53,True,9.37,29.5,1340.1,4cca6e9e-e62b-454d-b7b0-4ed35af4ef7d,SN-47F2B3CE
7.8,2025-05-11 17:39:40,True,9.38,29.4,1274.5,0831302a-4412-4f61-9bfc-fb25b82fa5f9,SN-47F2B3CE
4.2,2025-05-11 17:20:23,True,9.36,29.4,1345.3,3ae18290-aefc-4bb2-9a77-87c084842974,SN-47F2B3CE
6.0,2025-05-11 17:35:51,True,9.38,29.4,1279.4,56074ad8-3c96-4e74-80eb-8fbcdba1f464,SN-47F2B3CE
5.9,2025-05-11 17:31:11,True,9.38,29.5,1299.4,e0e93575-0134-4f7f-a021-79c35673f46c,SN-47F2B3CE
7.5,2025-05-11 17:03:11,True,9.8,30.8,210.5,e70263df-68b2-4adc-898a-038d7ae44534,SN-47F2B3CE
7.7,2025-05-11 17:03:13,True,9.8,30.7,212.2,c63f81e8-0e56-411d-90dd-6813cb05f6fa,SN-47F2B3CE
4.3,2025-05-11 17:17:31,True,9.37,29.5,1345.3,ea99dbeb-f5a9-486b-a1e0-b5bd50b373ec,SN-47F2B3CE
4.5,2025-05-11 17:24:59,True,9.37,29.4,1319.6,09f27d0a-337c-4599-b7c5-4fdc24410d2c,SN-47F2B3CE
6.1,2025-05-11 17:37:46,True,9.38,29.4,1274.5,b95382c9-9d57-4075-869a-eb226b0f1aae,SN-47F2B3CE
3.2,2025-05-11 17:13:08,True,9.39,29.6,1299.4,507d9454-920d-4e27-a802-11443eaa0e47,SN-47F2B3CE
6.2,2025-05-11 17:32:35,True,9.38,29.5,1294.3,c20a337c-cbcd-4072-bc90-a922b9afca3f,SN-47F2B3CE
4.7,2025-05-11 17:22:07,True,9.37,29.5,1329.8,6f43d6d5-245d-4dce-9338-cd89fa469e35,SN-47F2B3CE
7.9,2025-05-11 17:40:10,True,9.39,29.5,1284.4,c48f39fa-5cdb-4b6a-95fb-349150c839cc,SN-47F2B3CE
4.5,2025-05-11 17:19:21,True,9.37,29.5,1340.1,ab6da2ec-acd8-4aed-a742-8021a0cceb82,SN-47F2B3CE
4.8,2025-05-11 17:14:53,True,9.37,29.5,1345.3,f46ed1e3-e4fd-41c6-a79c-af6964f8c0c5,SN-47F2B3CE
8.3,2025-05-11 17:41:00,True,9.38,29.4,1284.4,c298fa2c-4af2-410f-bcba-45cf867fa004,SN-47F2B3CE
5.0,2025-05-11 17:24:45,True,9.37,29.4,1314.5,81fc6b48-e56b-4eff-a0af-ec1c35a12301,SN-47F2B3CE
6.3,2025-05-11 17:34:03,True,9.38,29.4,1284.4,707cf85b-c7b0-43ff-aa47-02d1341bab79,SN-47F2B3CE
5.3,2025-05-11 17:27:45,True,9.37,29.5,1340.1,f61afafb-c9a7-4828-a234-663c1b270df5,SN-47F2B3CE
7.1,2025-05-11 17:03:31,True,9.8,30.7,212.2,8f325ac1-1cda-49e0-9fd3-a7fef04fad7a,SN-47F2B3CE
4.4,2025-05-11 17:22:47,True,9.37,29.5,1335.0,a501e72e-d0b1-4c0f-ba77-2afd5876ec4a,SN-47F2B3CE
5.0,2025-05-11 17:23:11,True,9.38,29.4,1299.4,145d99ae-a658-40c0-a221-943ef60741cf,SN-47F2B3CE
4.4,2025-05-11 17:18:25,True,9.37,29.5,1345.3,eaee88c0-383b-4538-bee5-a11b3847732c,SN-47F2B3CE
5.0,2025-05-11 17:24:37,True,9.38,29.5,1309.4,40ed3dd4-d82e-4e45-a22f-75231d21399c,SN-47F2B3CE
6.1,2025-05-11 17:37:50,True,9.39,29.5,1274.5,88648931-6f90-4481-a3e4-d48ad0ebe073,SN-47F2B3CE
4.6,2025-05-11 17:21:43,True,9.37,29.4,1335.0,418d5397-1fce-4075-8ab3-aa9633d9824b,SN-47F2B3CE
4.2,2025-05-11 17:13:56,True,9.37,29.6,1350.5,f83352b5-80a7-4bef-b0fd-f23f92693771,SN-47F2B3CE
10.7,2025-05-11 17:04:59,True,9.39,29.6,1299.4,58bfc62b-8e60-4153-85ba-d95b6512addf,SN-47F2B3CE
6.3,2025-05-11 17:36:27,True,9.38,29.4,1279.4,d00587e6-f47f-4ee0-be7a-a51ddceb807b,SN-47F2B3CE
4.3,2025-05-11 17:15:43,True,9.37,29.5,1345.3,16a357d5-ee19-4671-9f45-16404ec7877a,SN-47F2B3CE
6.2,2025-05-11 17:33:05,True,9.38,29.4,1289.3,011ad804-4699-4a74-bc8d-5e3d34f91bd5,SN-47F2B3CE
6.2,2025-05-11 17:33:47,True,9.38,29.4,1284.4,eb5b11ca-4108-4a5d-81ac-ab8eacccdc8c,SN-47F2B3CE
5.6,2025-05-11 17:29:03,True,9.36,29.4,1345.3,0f8bf9ae-507a-429b-ab46-1eeb8a17da33,SN-47F2B3CE
6.0,2025-05-11 17:36:17,True,9.38,29.4,1279.4,9f62ddd0-3c24-4a58-97d9-88657570ca7c,SN-47F2B3CE
4.8,2025-05-11 17:25:39,True,9.36,29.5,1355.7,ae0d2c5c-8f1e-4c25-a3eb-5b9134e28537,SN-47F2B3CE
6.3,2025-05-11 17:36:09,True,9.39,29.5,1279.4,b2bc4a38-2049-46ff-b257-88e2d46c7d0b,SN-47F2B3CE
3.8,2025-05-11 17:13:00,True,9.38,29.5,1299.4,c3565fbb-9d06-44b7-bfd8-ab1750161aa4,SN-47F2B3CE
9.5,2025-05-11 17:04:03,True,9.59,29.8,640.3,f265810b-de34-4a6f-b1d3-e738f148a329,SN-47F2B3CE
6.2,2025-05-11 17:32:43,True,9.38,29.4,1294.3,9251ed1a-6353-43d8-aca2-eecb742b2553,SN-47F2B3CE
4.3,2025-05-11 17:18:04,True,9.37,29.5,1345.3,d3244213-52ce-4af8-8639-8ad92fcdc778,SN-47F2B3CE
5.7,2025-05-11 17:29:43,True,9.38,29.5,1314.5,e058856c-5c1b-45e6-a214-43e74c0db2e5,SN-47F2B3CE
4.4,2025-05-11 17:18:45,True,9.37,29.5,1345.3,edadbe6b-1b0e-4103-921b-dc3659e440d0,SN-47F2B3CE
7.1,2025-05-11 17:38:02,True,9.38,29.4,1274.5,712432a0-79c3-47f7-8982-f992a48cb7fb,SN-47F2B3CE
4.4,2025-05-11 17:16:05,True,9.37,29.5,1345.3,ffd583e2-d304-4382-90e8-219a77cef878,SN-47F2B3CE
8.0,2025-05-11 17:42:16,True,9.39,29.5,1274.5,42e9882a-5117-43f6-a735-1d4574d5d243,SN-47F2B3CE
4.9,2025-05-11 17:23:37,True,9.38,29.5,1309.4,4cf898ee-7974-45e1-8ae4-648592810c85,SN-47F2B3CE
4.6,2025-05-11 17:20:03,True,9.36,29.4,1345.3,8fd2e5f4-6e24-4fd1-b9da-bc9d209a7db4,SN-47F2B3CE
4.3,2025-05-11 17:17:27,True,9.37,29.5,1345.3,576996ab-ccc4-4958-9809-c1e759c89cd3,SN-47F2B3CE
6.2,2025-05-11 17:36:42,True,9.38,29.4,1274.5,ffc4dadf-fe95-4b7c-b9f6-529e4e17f738,SN-47F2B3CE
6.8,2025-05-11 17:35:25,True,9.38,29.4,1279.4,f73f7fb7-c055-4d64-bc5a-80fe52e72488,SN-47F2B3CE
4.4,2025-05-11 17:16:41,True,9.37,29.5,1345.3,b075b89c-5eff-4f69-9632-4ef14d500370,SN-47F2B3CE
5.6,2025-05-11 17:30:05,True,9.38,29.5,1314.5,ab8c7f14-a7b1-4db4-b18b-1f54bfd33da5,SN-47F2B3CE
4.5,2025-05-11 17:19:11,True,9.37,29.5,1340.1,e3f889c3-d9ae-4de9-84eb-9f4a2034ddb2,SN-47F2B3CE
4.4,2025-05-11 17:22:35,True,9.37,29.4,1335.0,25599c1e-82a9-43c8-9597-db3395e59eb4,SN-47F2B3CE
4.7,2025-05-11 17:17:55,True,9.37,29.5,1345.3,4ef4d448-c1c8-46d8-8442-3af6072ec1b6,SN-47F2B3CE
9.6,2025-05-11 17:04:01,True,9.6,29.8,614.5,63fb492b-3657-44ea-8c05-c682bcfbeae2,SN-47F2B3CE
5.1,2025-05-11 17:21:25,True,9.37,29.4,1329.8,9fd0a467-e710-4673-94b0-457e2eef04b9,SN-47F2B3CE
5.9,2025-05-11 17:31:49,True,9.38,29.4,1299.4,3f5e4abf-417f-46c7-99b9-903e4e0222be,SN-47F2B3CE
4.5,2025-05-11 17:25:19,True,9.37,29.5,1340.1,ae7edc46-89fa-446c-9b64-f1a1d71fadd5,SN-47F2B3CE
6.8,2025-05-11 17:36:03,True,9.38,29.4,1279.4,9f5ce1aa-50fe-4280-a8f8-12979d6f4aca,SN-47F2B3CE
7.1,2025-05-11 17:41:37,True,9.38,29.4,1279.4,c81e2208-2800-4ab0-b6b2-132228577462,SN-47F2B3CE
5.2,2025-05-11 17:27:41,True,9.37,29.5,1340.1,cc031545-2b17-4cdd-8f2b-36ed29ef0177,SN-47F2B3CE
6.6,2025-05-11 17:37:36,True,9.39,29.5,1274.5,ae9c593f-281b-46ca-94ce-8df59d378c00,SN-47F2B3CE
4.6,2025-05-11 17:13:44,True,9.37,29.5,1350.5,4aba1889-d791-4f20-a360-5be22f69f0b7,SN-47F2B3CE
3.8,2025-05-11 17:13:16,True,9.37,29.6,1355.7,d4047269-4359-423a-a277-b0a9294b0896,SN-47F2B3CE
9.7,2025-05-11 17:04:23,True,9.58,29.7,650.9,8f957daa-f467-4cb5-a8d3-462395d8a5fe,SN-47F2B3CE
4.9,2025-05-11 17:26:14,True,9.36,29.5,1371.4,655822fe-a527-4a03-bae1-7f287785ccd0,SN-47F2B3CE
5.2,2025-05-11 17:28:05,True,9.37,29.5,1345.3,bb9dc178-60e1-480c-9338-6c2430675066,SN-47F2B3CE
5.0,2025-05-11 17:22:59,True,9.37,29.4,1324.7,01dabb41-9994-4b96-8ca6-5dc91ca03c6c,SN-47F2B3CE
5.0,2025-05-11 17:22:55,True,9.37,29.4,1324.7,0182bb88-6fd9-4f74-bc69-27ab1b8fdc2f,SN-47F2B3CE
6.6,2025-05-11 17:39:03,True,9.38,29.4,1274.5,61c21915-2c73-4ee3-8bf2-5617da786268,SN-47F2B3CE
4.8,2025-05-11 17:14:55,True,9.37,29.5,1345.3,422cb6e2-5fc3-494c-b776-9b457bbcd5d0,SN-47F2B3CE
4.7,2025-05-11 17:27:09,True,9.36,29.5,1371.4,099ef698-be5d-405b-862f-60bc18b2d59c,SN-47F2B3CE
5.9,2025-05-11 17:34:35,True,9.38,29.4,1279.4,bb86d471-5447-4187-8448-20eb5b428315,SN-47F2B3CE
3.8,2025-05-11 17:14:05,True,9.37,29.5,1350.5,6e212e61-5041-4794-a461-74f8221981aa,SN-47F2B3CE
6.3,2025-05-11 17:33:41,True,9.39,29.5,1284.4,8d6acf78-d383-497e-94bb-a59580156a2d,SN-47F2B3CE
4.8,2025-05-11 17:23:47,True,9.37,29.4,1319.6,50e96479-7ccc-4337-8839-9069dded3e1f,SN-47F2B3CE
9.3,2025-05-11 17:04:49,True,9.38,29.5,1294.3,15f92e6d-34ea-4eb8-b7b1-1a8b909b3577,SN-47F2B3CE
4.3,2025-05-11 17:17:29,True,9.37,29.5,1345.3,127fa479-79a1-42b9-8c80-00eb519b24cf,SN-47F2B3CE
9.6,2025-05-11 17:03:57,True,9.61,29.8,572.7,aee1e734-8f9c-41b7-b351-411bcfe71497,SN-47F2B3CE
5.1,2025-05-11 17:20:19,True,9.37,29.5,1345.3,1dc49d3f-ff4d-4311-a2cd-feeb7d520a4b,SN-47F2B3CE
4.3,2025-05-11 17:16:15,True,9.37,29.5,1345.3,caac06b4-c935-4d70-aa8c-7f7e856b6c58,SN-47F2B3CE
5.9,2025-05-11 17:30:37,True,9.38,29.5,1299.4,8a452178-9ac6-47f5-9d8b-3b77d54f7c65,SN-47F2B3CE
5.8,2025-05-11 17:29:27,True,9.38,29.5,1314.5,184b418a-d9b6-4936-a01e-ee9396f528be,SN-47F2B3CE
